store_id,store_name,location,manager
STORE100,Claireburgh Store,East Christophertown,Shelby Patterson
STORE101,Simmonsborough Store,East Joshua,Megan Vasquez
STORE102,Adamfurt Store,Ernestville,Christopher Nielsen
STORE103,Kimview Store,Stevenport,Matthew Thomas
STORE104,Feliciashire Store,Davisport,Michael Miller
STORE105,North Christopherborough Store,West Margaret,Anthony Farmer
STORE106,New Manuel Store,Rileyhaven,Keith Mckenzie
STORE107,Daisymouth Store,Ericside,Catherine Callahan
STORE108,North Josephton Store,Terrellberg,Kathy Moss
STORE109,New Annafurt Store,Port Anthonyville,Lori Serrano
STORE110,East Pamelaport Store,Marquezberg,Mary Carrillo
STORE111,Dianeville Store,Robertside,Nathan Gross
STORE112,North Heatherborough Store,New Suzanne,Ronald White
STORE113,South Brett Store,Davidview,Jennifer Lawrence
STORE114,Jaredchester Store,South Jenniferhaven,Christine Norman
STORE115,Olsonburgh Store,Davismouth,Michael James
STORE116,Bennettmouth Store,Peterside,Sierra Harris
STORE117,Tonyhaven Store,Port Angela,Angela Choi
STORE118,East Nicholasmouth Store,South Matthewfort,Gail Sutton
STORE119,Chapmanport Store,North Patricia,Mr. Christopher Rivera PhD
STORE120,Robertview Store,East Natalie,John Miller
STORE121,New Keith Store,Port Anthony,Julie Hernandez
STORE122,South Victoria Store,Kellyborough,Dawn Rogers
STORE123,New Natasha Store,East Kristiburgh,Sarah Richardson
STORE124,South Jeffrey Store,Lake Mia,Keith Ward
STORE125,Sanchezbury Store,New Julie,Caitlin Edwards
STORE126,Raytown Store,Richardsonhaven,Katie Reyes
STORE127,Romeroshire Store,New Theresashire,Justin Coleman
STORE128,Cooperburgh Store,Port Donald,Louis Thomas
STORE129,Wilsonmouth Store,Cynthialand,Laura Mitchell
STORE130,Valerieville Store,Arnoldport,Nicholas Ferrell
STORE131,Shawnberg Store,Cannonborough,Tracy Lynch
STORE132,Josephport Store,South Jennifer,Justin Avila
STORE133,East Lisa Store,Port Allenhaven,Mrs. Emily Deleon
STORE134,Lake Franklin Store,North Brandi,Stephanie Anderson
STORE135,Williamville Store,West Jonathan,Brian Evans
STORE136,Port Gregory Store,Espinozahaven,Angela Ward
STORE137,Port Annettechester Store,South Jessica,Cheryl Carroll
STORE138,Bradleyhaven Store,Cisnerosville,Jonathan Pittman
STORE139,Lake Jessicafurt Store,Mcdowellton,James Carson
STORE140,North Gwendolynbury Store,Evanston,Kathleen Hall
STORE141,Jasonmouth Store,North Austinshire,Steven Beltran
STORE142,New Charleston Store,Elizabethton,Mark Young
STORE143,Martinbury Store,Dianestad,Timothy Quinn
STORE144,Lake Edwardshire Store,Bakerfort,Kristina Johnson MD
STORE145,Johnhaven Store,Lake Eric,Jamie Meyer
STORE146,West Jameshaven Store,South Larry,Andrea Moyer
STORE147,Veronicaview Store,Port Laurahaven,Kimberly Black
STORE148,Lake Bobby Store,Williamsmouth,Rebecca Freeman
STORE149,Lisaview Store,Hernandezshire,Jacob Walker
STORE150,New Michael Store,South Amy,Robin Davis
STORE151,South Christopher Store,West Christopher,David Solomon
STORE152,Brockfurt Store,Destinyhaven,Krista Potter
STORE153,Ballborough Store,Sandersmouth,Christina Frazier
STORE154,East Beverly Store,North Shawn,Melissa Beasley
STORE155,South Meghan Store,Jenniferbury,Elizabeth White
STORE156,East Brianchester Store,Lindseyshire,Dr. Nicole Walker
STORE157,Lake Maria Store,West Cynthia,Claire Warren
STORE158,Christinemouth Store,South Natashaview,Sue Watkins
STORE159,Yatesside Store,Bauertown,Philip Kelley MD
STORE160,Lake Alison Store,Moranstad,Erik Macias
STORE161,Lake Jameston Store,West Karen,Justin Torres
STORE162,New Rebecca Store,New Catherine,Ashley Gibson
STORE163,Joshuachester Store,New Sarahstad,Michael Estes
STORE164,New Mitchellhaven Store,Lewisview,Michael Trujillo
STORE165,North Michelle Store,Lake Kevin,Rebecca Small
STORE166,West Melissa Store,East Peter,Philip White
STORE167,South Patrickview Store,North Steven,Heidi Ramirez
STORE168,Beverlyview Store,Port Christopherburgh,Alicia Smith
STORE169,Lake Janiceborough Store,Barbarafort,Jeffrey Hunter
STORE170,Whitneyville Store,Murphystad,Sherry Mcguire
STORE171,Nguyenland Store,Romeroberg,Stacy Nelson
STORE172,Dawnfort Store,Mirandaview,Timothy Hernandez
STORE173,Garciaborough Store,Adamstad,Erika Valenzuela
STORE174,Howardshire Store,Port Tracey,James Torres
STORE175,Fraziershire Store,South Tammy,Lee Hughes
STORE176,East Andrew Store,Walterfort,Hector Stone
STORE177,West Robert Store,North Jameshaven,Karen Moon
STORE178,Josephbury Store,Hicksshire,Ashley Rivas
STORE179,West Nicole Store,Port Kristinport,Melanie Fischer
STORE180,East Andrew Store,West Jonathanfort,Jeff Liu
STORE181,North Sarahburgh Store,Terrybury,Brandon Keller
STORE182,Rodgersside Store,East Ianhaven,Steven Duran
STORE183,New Timothyville Store,New Frankmouth,Leah Howard
STORE184,New Brookeburgh Store,New Christopher,Vincent Rodriguez
STORE185,Davidview Store,Tomborough,Connie Mathis
STORE186,New Kimberly Store,Lisafort,Craig Braun
STORE187,Port Jesse Store,Clayborough,Peter Barrera
STORE188,Brandychester Store,North Lesliemouth,Karen Diaz
STORE189,Brownmouth Store,Thomasburgh,Raymond Lee
STORE190,Mejiashire Store,Stanleyport,Robert Alexander
STORE191,Manuelport Store,Lake Miguelborough,Casey Campos
STORE192,Port Colleenville Store,Williamsport,Ann Riddle
STORE193,Tylerchester Store,Wilkinsonland,Juan Wallace
STORE194,Timothyshire Store,Anitashire,Brandon Hopkins
STORE195,West David Store,South Sarah,Victoria Garcia
STORE196,North Amyport Store,Melissaland,James Little
STORE197,Lake Frederick Store,East Peterberg,Michael Giles
STORE198,West Andrewshire Store,West John,Christine Hansen
STORE199,North Erinport Store,Port Alishaview,Lauren Murphy

STORE0200,Gunnarfort Store,Old New Bennettstead,Gilberto Swift
STORE0201,Menifee Store,Mount Stokesport,Nicholas Walsh
STORE0202,St. Clair Shores Store,East Kittyside,Jana Metz
STORE0203,Marksfurt Store,Camillahaven,Julian Kautzer
STORE0204,Port Vidalstad Store,East West Gwen,Evelyn Hamill
STORE0205,Lehi Store,Lombard,Mitchell Armstrong
STORE0206,Upland Store,Cheyanneville,Dr. Tim Parisian
STORE0207,Fort Niabury Store,Old Babyville,Roderick Bradtke
STORE0208,Bartholomecester Store,North Miguel,Ida Kerluke
STORE0209,South Esther Store,Greenfeldermouth,Elsa Price
STORE0210,Jastfurt Store,North Elenora,Pat Boehm Jr.
STORE0211,North Glencester Store,Mullerbury,Ms. Bonnie Wisozk
STORE0212,Terryville Store,Paradise,Dustin Raynor DDS
STORE0213,Loycefurt Store,Boston,Randolph Frami
STORE0214,Millerview Store,Rosemead,Matt Schultz
STORE0215,Fort Waino Store,Lake Hesperia,Jessica Pacocha
STORE103,Madison Store,West Dovertown,Richard Taylor
STORE104,Wayne Store,East Washington,Laura Nelson
STORE105,Troy Store,West Troytown,George Turner
STORE106,Milton Store,East Burlingtontown,Mark Hall
STORE107,Franklin Store,East Clinton,Michelle Baker
STORE103,Dover Store,West Marion,Sandra Allen
STORE104,Manchester Store,West Auburntown,Robert Williams
STORE105,Franklin Store,West Claytontown,Laura Nelson
STORE106,Kingston Store,East Hudson,Richard Taylor
STORE107,Newport Store,East Dover,William Rodriguez
STORE103,Jackson Store,West Chester,Nancy Martinez
STORE104,Madison Store,East Ashland,George Turner
STORE105,Madison Store,East Fairviewtown,Joseph Jackson
STORE106,Lancaster Store,East Chestertown,Laura Nelson
STORE107,Ashland Store,East Clintontown,Brian Perez
STORE108,Auburn Store,East Clayton,Elizabeth Martinez
STORE109,Salem Store,East Riverside,Betty Lewis
STORE110,Burlington Store,West Greenwoodtown,Michael Miller
STORE111,Salem Store,East Bristoltown,Ruth Hill
STORE112,Lancaster Store,West Kingstontown,Emily Mitchell
STORE113,Ashland Store,West Troytown,Ruth Hill
STORE114,Troy Store,West Clayton,Lisa Clark
STORE115,Wayne Store,West Newport,William Rodriguez
STORE116,Bristol Store,East Riverside,Linda Davis
STORE117,Clinton Store,West Jacksontown,Andrew Scott
STORE118,Clinton Store,West Salem,Dorothy Parker
STORE119,Georgetown Store,East Riversidetown,Kimberly Roberts
STORE120,Ashland Store,East Ashland,Donald Young
STORE121,Richmond Store,East Waynetown,Anthony Lee
STORE122,Riverside Store,East Arlingtontown,William Rodriguez
STORE123,Jackson Store,East Troy,Emily Mitchell
STORE124,Chester Store,East Chester,Mary Johnson
STORE125,Milton Store,East Clintontown,Christopher Garcia
STORE126,Springfield Store,East Marion,George Turner
STORE127,Clayton Store,West Ashland,Lisa Clark
STORE128,Jackson Store,East Chester,Edward Campbell
STORE129,Kingston Store,West Springfield,Ronald Evans
STORE130,Milton Store,East Dover,Robert Williams
STORE131,Clinton Store,East Kingston,Donald Young
STORE132,Washington Store,East Riverside,Thomas Harris
STORE133,Clinton Store,West Newport,Jennifer Garcia
STORE134,Lancaster Store,East Springfield,Brian Perez
STORE135,Richmond Store,East Fairview,William Rodriguez
STORE136,Georgetown Store,East Clayton,Richard Taylor
STORE137,Greenwood Store,West Manchester,Nancy Martinez
STORE138,Oxford Store,West Claytontown,Joshua Adams
STORE139,Riverside Store,East Franklintown,William Rodriguez
STORE140,Fairview Store,East Springfield,Ruth Hill
STORE141,Burlington Store,East Wayne,Carol Wright
STORE142,Dover Store,East Auburn,Carol Wright
STORE143,Hudson Store,West Lancaster,Michelle Baker
STORE144,Arlington Store,East Kingston,Mark Hall
STORE145,Milton Store,East Fairview,Brian Perez
STORE146,Burlington Store,East Oxfordtown,Matthew Rodriguez
STORE147,Washington Store,West Riverside,Emily Mitchell
STORE148,Arlington Store,West Fairview,Donald Young
STORE149,Bristol Store,East Franklin,Helen Walker
STORE150,Oxford Store,East Chestertown,Edward Campbell
STORE151,Richmond Store,West Riverside,Laura Nelson
STORE152,Riverside Store,West Newport,Elizabeth Martinez
STORE153,Clinton Store,East Chester,William Rodriguez
STORE154,Franklin Store,East Georgetown,Andrew Scott
STORE155,Madison Store,East Hudson,Elizabeth Martinez
STORE156,Wayne Store,West Marion,Joseph Jackson
STORE157,Clayton Store,East Richmond,Sandra Allen
STORE158,Manchester Store,East Bristol,Paul Lopez
STORE159,Manchester Store,West Kingston,Daniel Robinson
STORE160,Bristol Store,East Madison,Kevin Carter
STORE161,Oxford Store,West Troy,Carol Wright
STORE162,Springfield Store,West Madisontown,Mary Johnson
STORE163,Oxford Store,West Greenwood,Deborah Phillips
STORE164,Marion Store,East Manchester,Nancy Martinez
STORE165,Salem Store,East Newport,Dorothy Parker
STORE166,Auburn Store,West Hudson,Ronald Evans
STORE167,Chester Store,East Wayne,Paul Lopez
STORE168,Burlington Store,West Burlington,Anthony Lee
STORE169,Hudson Store,West Riversidetown,Elizabeth Martinez
STORE170,Ashland Store,East Arlington,Robert Williams
STORE171,Burlington Store,West Kingston,Linda Davis
STORE172,Ashland Store,West Oxfordtown,Dorothy Parker
STORE173,Fairview Store,East Auburn,Edward Campbell
STORE174,Auburn Store,East Franklin,Joshua Adams
STORE175,Lancaster Store,West Marion,George Turner
STORE176,Troy Store,East Newporttown,George Turner
STORE177,Bristol Store,East Madison,Ruth Hill
STORE178,Clayton Store,East Clinton,Ronald Evans
STORE179,Bristol Store,West Madisontown,Michael Miller
STORE180,Manchester Store,West Waynetown,Susan Thomas
STORE181,Burlington Store,West Troytown,Jennifer Garcia
STORE182,Dover Store,East Hudson,George Turner
STORE183,Springfield Store,East Kingstontown,Christopher Garcia
STORE184,Salem Store,West Washington,Laura Nelson
STORE185,Madison Store,West Richmondtown,Anthony Lee
STORE186,Marion Store,East Burlingtontown,Robert Williams
STORE187,Dover Store,West Bristol,Thomas Harris
STORE188,Auburn Store,East Wayne,Joseph Jackson
STORE189,Salem Store,West Lancaster,Matthew Rodriguez
STORE190,Clinton Store,West Dover,Sarah Martin
STORE191,Madison Store,East Jackson,Michael Miller