supplier_id,supplier_name,contact_name,contact_email
SUP100,"Johnson, Harris and Edwards",Chad Gray,davidrodriguez@blair-jones.com
SUP101,Anderson Ltd,Monique Fowler,sullivanjessica@nguyen.com
SUP102,Reynolds-Henry,Chase Baldwin,tlarson@green.com
SUP103,Miller Group,Angela Williams,evansmiguel@matthews.biz
SUP104,Edwards-Taylor,Kenneth Sutton,deborahramos@hunter-johnson.com
SUP105,Arellano PLC,Victor Brown,ricky17@bautista-sanchez.org
SUP106,"Moore, Adams and Potter",Pamela Michael,hkaufman@martinez-beard.info
SUP107,Lawson-Green,Heidi Walker,crosbyjamie@hoover.biz
SUP108,Ramsey Inc,Scott Trevino,castrokatherine@lee.com
SUP109,Baldwin Inc,Denise Lewis,richard31@moore-bell.com
SUP110,"York, Hernandez and Scott",Amy Moreno,stevenconrad@gutierrez.com
SUP111,Campbell-Vincent,Stephen Thomas,rachel13@chase.com
SUP112,"Heath, Leonard and Craig",Veronica Williams,wdominguez@hernandez.com
SUP113,"Hall, Beck and Smith",Daniel Wilson,gloria23@phillips.com
SUP114,King Group,Steven Davis,vrice@gonzalez-zhang.net
SUP115,"Clements, Li and Schneider",Ronald Nelson,usparks@campbell.com
SUP116,Garrett-Hays,Dr. Mark Calderon,fdaniel@fletcher.org
SUP117,"Marquez, Smith and Hatfield",Kelly Krueger,rcopeland@marquez.com
SUP118,Swanson-Marshall,Timothy Davis,floreschristopher@evans.com
SUP119,Ramos-Larson,Rebecca Olson,marksmith@morris-watson.biz
SUP120,Duffy LLC,William Savage,phyllis45@browning-moore.com
SUP121,"Small, Holmes and Potter",Samantha Mckenzie,michellesmith@richardson.biz
SUP122,Hensley LLC,David Jones,ythomas@jones.com
SUP123,Olson LLC,James Campbell,diazmaria@davis.com
SUP124,"Bright, Smith and Jones",Phillip Garza,jenkinsmelissa@burke.com
SUP125,Pena and Sons,Elizabeth Johnson,tdrake@campbell.biz
SUP126,"Schmidt, Miller and Gibbs",Caitlin Peterson,adixon@davis-long.com
SUP127,Garrett-Wood,Michelle Gomez MD,ewillis@morgan.com
SUP128,"Hinton, Gonzalez and Davis",Matthew Smith,harrispamela@ramirez-davis.com
SUP129,"Clark, Small and Ortega",Lorraine Mays,teresa62@cabrera-torres.info
SUP130,Rivas-Burns,Whitney Wilkins,jennifer19@mclaughlin.net
SUP131,Lynch LLC,Stephanie Lin,charles32@brewer-moore.com
SUP132,Johnson Group,Jerry Nichols,sarapacheco@avery.net
SUP133,Perez-Morgan,Xavier Dodson,jamesjack@griffin.biz
SUP134,"Whitehead, Hernandez and Johnson",Karen Smith,olsenbrenda@vazquez.com
SUP135,"Mitchell, Gray and Wilson",Jennifer Vargas,lgreen@villanueva.com
SUP136,Kaiser-Holt,David Herrera,snydermichael@vasquez.com
SUP137,Hutchinson-Jackson,Linda Velasquez,joseph29@richards-hughes.net
SUP138,Keller-Keith,Anna Adams,michelle63@steele-taylor.org
SUP139,Fuller-White,Eric Torres,davidruiz@jackson-rowe.com
SUP140,"White, Ford and Beasley",Caroline Gonzalez,jonesryan@edwards-yates.info
SUP141,Fuentes-Johns,Derek Shaw,christopher88@jacobson.com
SUP142,Richardson-Murphy,Angela Hill,williamgutierrez@barr-warren.net
SUP143,Thomas-Price,Terry Mccall,astone@holland.com
SUP144,Prince-Sheppard,Heather Montgomery,heidi14@soto-benitez.com
SUP145,Oconnor-Henry,Brad Anderson,mreynolds@cruz.com
SUP146,Johnson-Williams,Brian Rodriguez,roberthodges@smith.com
SUP147,Campbell Ltd,Anthony Walker,mark03@brooks-powers.org
SUP148,Levy-Ochoa,Kyle Bryan,edward05@tran.com
SUP149,"Martinez, Short and Williams",Austin Ward,seanwhite@marshall.net
SUP150,Williams-Anderson,Zachary Olson,caitlincalderon@lewis.com
SUP151,Mcneil-Davis,David White,ufitzgerald@ray.com
SUP152,"Ray, Washington and Hardin",Matthew Perez,xwhitehead@evans.com
SUP153,Mclaughlin-Sanchez,Juan Aguilar,emcpherson@klein-gonzalez.com
SUP154,Fleming and Sons,Katherine Moore,olara@gould-gray.com
SUP155,"Weiss, Green and Olson",Cynthia King,troberson@wilkerson-krause.com
SUP156,Peck and Sons,Alison Martin,amber46@ortiz.com
SUP157,Dunn-Lewis,Jeffery White,diana24@andrade.org
SUP158,Franco Ltd,Michael Hernandez,ppatton@mueller.biz
SUP159,Munoz Group,Jerry Nguyen,joshuamartin@lewis.com
SUP160,Collins-Fleming,Ashley Carpenter,fowlerbrandy@gonzalez.org
SUP161,"Snyder, Stevens and Trevino",Elizabeth Mathis,ashley37@howard.biz
SUP162,Gonzalez-Holmes,Susan Taylor,dclayton@harris.net
SUP163,"Hogan, Richardson and Elliott",Daniel Spencer,gamblewilliam@wilson.com
SUP164,Patterson Group,Kathy Higgins,hallnathaniel@johnson.com
SUP165,Franklin-Henderson,Rebecca Keith,jacqueline15@matthews-ryan.com
SUP166,"Green, Koch and Steele",Jeffrey Zimmerman,ebridges@martinez.com
SUP167,"Jenkins, Carrillo and Price",Brian Patel,ronaldsantana@peterson.info
SUP168,"Brown, Schmitt and Gonzalez",Chelsea Huffman,sheltonjoseph@dixon.com
SUP169,"Ingram, Simpson and Myers",Brandon Long,travislawson@bell-hernandez.com
SUP170,Horton-Bailey,Robert Reed,davidjenkins@smith-williams.biz
SUP171,Johnson LLC,Angela Anderson,bbrown@lopez.com
SUP172,Houston PLC,Monica Myers,alisha53@nelson.com
SUP173,"Davis, Love and Ross",Madison Moore,cwright@lin.com
SUP174,Moore PLC,Sandra Robertson,catherinelane@martin.net
SUP175,Lee-Williams,Paula Roberts,laurentravis@henderson.com
SUP176,Payne LLC,Natalie Gray,patriciarogers@le.com
SUP177,Baker Group,Cameron Wood,ihart@gutierrez.com
SUP178,Weaver-Coleman,Matthew Trevino,wilsoncharles@costa-colon.com
SUP179,Henry-Harding,Kimberly Mccarthy,jeanettewillis@finley.com
SUP180,"Chan, Browning and Cole",Jamie Taylor,aaronwagner@ramirez.com
SUP181,Riggs-Gordon,Jeffery Logan Jr.,roberthines@king-roman.org
SUP182,"Shields, Smith and Smith",Alex Caldwell,dean97@greene.net
SUP183,Archer PLC,Andrew Harvey,deborah14@coleman.com
SUP184,"Christian, Tapia and Fletcher",Teresa Richard,dustinbrown@barron.com
SUP185,Cummings-Phillips,Jose Dominguez,dfisher@park-wilson.com
SUP186,Estrada LLC,Neil Newton,dreid@lozano-miller.info
SUP187,Middleton-Hamilton,Travis Clark,agonzales@perez-peters.net
SUP188,Murray LLC,Jamie Jones,jessesingh@griffith-alexander.com
SUP189,"Morgan, Moore and Dorsey",Timothy Cox,briannalee@davis.net
SUP190,"Simon, Curry and Rowe",Shelia Harper,julia39@phillips.com
SUP191,Lloyd-Avila,Ashley Bowers,zbrown@weber-riggs.org
SUP192,Williams Group,Samantha Thomas,thomassmith@larson-chen.com
SUP193,"Jones, Middleton and Grimes",Tracy Martinez,carpenterchristopher@cooke.net
SUP194,Ford Inc,James Hamilton,courtney13@martinez-ward.com
SUP195,Stewart PLC,Felicia Martinez,jason15@diaz.com
SUP196,Olsen-Reed,Peggy Wade,jason08@haas-carlson.com
SUP197,Garza-Pittman,Anne Webster,jeremy87@zimmerman.com
SUP198,"Rogers, Miller and Henderson",Megan Martin,waltonsarah@terry-rodriguez.com
SUP199,Waters-Phillips,Stephanie Williams,jbrooks@turner.com
SUP200,"Smith, Malone and Warren",Lindsey Davis,simsshawn@castillo.org
SUP201,Moreno-Cunningham,Dillon Hall,kellystewart@schneider-burke.com
SUP202,Walsh-Lang,Dorothy Wood DDS,joannadawson@fitzpatrick.net
SUP203,Olsen PLC,Jonathan Perez,bryantsarah@castro.com
SUP204,Greene Group,Carrie Gibson,vincentarmstrong@byrd-petersen.net
SUP205,"Lopez, Gomez and Harper",Kimberly Crawford,danielhendricks@wilkinson-howard.com
SUP206,Dixon-Kidd,Jonathan Silva,joycecameron@thomas.com
SUP207,Adams PLC,Christopher Luna,duranandrew@perkins.com
SUP208,Castaneda PLC,Holly Barrett,ugray@gutierrez.com
SUP209,Evans LLC,Cheryl Tran,hparks@webb-wilson.com
SUP210,Simmons and Sons,Kevin Garrett,knguyen@patel.net
SUP211,Smith Ltd,Theresa Watts,kbarton@hudson-gutierrez.com
SUP212,"Smith, Morris and Woods",Cassandra Jennings,ngray@nelson-butler.com
SUP213,Smith-Berry,Tina Washington,andrewthompson@hendrix-miranda.biz
SUP214,Ramirez PLC,Kevin Vasquez,llarson@oliver.com
SUP215,Petty Ltd,Alyssa Martinez,kellydiane@barnes.com
SUP216,Keith Ltd,Pamela Lewis,scott22@morgan.com
SUP217,Becker Ltd,Patrick Morgan,morgantracie@ramirez-smith.com
SUP218,Wagner-Fisher,Jeff Jones,dward@cunningham.com
SUP219,"Woods, Stewart and Garcia",Bryan Sanders,andreaedwards@manning-bell.com
SUP220,Dunn Group,Isaiah Cooper,jordanjeffrey@clark-hoffman.net
SUP221,"Williams, Manning and Webster",Tony Mercer,jmoore@smith.com
SUP222,"Heath, Ryan and Bishop",Alexander Johnson,matthewnewman@griffin.com
SUP223,"Fox, Collins and Kim",John Brown,nliu@vincent.com
SUP224,Warner-Dominguez,James Peterson,kim04@carter.com
SUP225,Fernandez-Jordan,Ryan Young,teresa07@baker.com
SUP226,"Fox, Hall and Aguilar",Luke Hoffman,peterslindsey@arias-mathis.com
SUP227,"Brown, Mcintyre and Rodriguez",Miranda Garcia,dromero@hood-francis.net
SUP228,"Rosales, Hill and Gonzalez",Julie Silva,ibeasley@ballard.org
SUP229,Frye Group,Megan Estrada,qwu@blake.net
SUP230,Juarez Inc,Linda Harris,kevin88@galvan.com
SUP231,Wu-Avila,Michael Moore,rmarks@gonzales.info
SUP232,"Rivas, Fitzgerald and Kelly",Joshua Santos,ddavis@myers.info
SUP233,Hardy-Murphy,Kimberly Harvey MD,wilkinsonjerry@dominguez.com
SUP234,"Wolfe, Hernandez and Baker",Ricky Baker,fowlerteresa@lawrence.info
SUP235,Scott LLC,Sarah Henry,hortonpaul@joseph.com
SUP236,Collins-Taylor,Jacob Castillo,cynthia17@mitchell.com
SUP237,Burke Group,Amanda Adams,ashleephillips@kelly.info
SUP238,Chapman-Gonzales,Shawn Salinas,glenn33@gates.com
SUP239,Gutierrez-Crosby,Cole Stone,jennifer89@rodriguez.biz
SUP240,Tran Group,Thomas Ferguson,hillregina@robinson.com
SUP241,Brown-Porter,Stephanie Mayo,robertblanchard@anderson-phelps.com
SUP242,"Jimenez, Gomez and Thomas",Jennifer Rose,ywilliams@hernandez-jimenez.net
SUP243,Murphy-Gomez,Patricia Perez,ybauer@williams-johnson.info
SUP244,Jefferson-Zimmerman,David Reyes,marthabrock@montgomery-bridges.com
SUP245,Morris-Arnold,Paul Ross,tiffanyjennings@garner.net
SUP246,Keith-Morris,Amanda Perry,jordan83@hicks.com
SUP247,Mason LLC,Michelle Hunt,penningtonsarah@kelly-campbell.com
SUP248,Sanders-Taylor,David Cobb,ashley46@russell.com
SUP249,Johnson-Mcgrath,Desiree Larsen,dana88@reed.com
SUP250,"Wilson, Morris and Hill",Martin Martinez,umathews@ford.org
SUP251,Munoz-Marshall,Brittany Gentry,nancy90@mullins.com
SUP252,Morgan-Wood,Kelsey Martin,tammyhardy@frost.com
SUP253,Brewer-Hubbard,Lee Lawson,ogibson@pratt-lawrence.com
SUP254,Norton-Allen,Robert Li,kellerlisa@davis.com
SUP255,Stevens Inc,Russell Vazquez,katherine36@wilkerson.org
SUP256,Miles LLC,Morgan Chase,nguyenstephanie@mendez.biz
SUP257,Jones and Sons,David Snyder,ahernandez@walker-yoder.biz
SUP258,Taylor-Wright,Tiffany Chandler,qmorgan@perkins.biz
SUP259,"Martin, Davis and Rose",Dr. Douglas Francis DDS,mcmillanpeter@thompson.org
SUP260,Williams-Mcgrath,Kristina Olson,michael79@wallace.com
SUP261,Alvarez and Sons,Jason Martinez,williambecker@glover.com
SUP262,Castillo Inc,Curtis Montoya,robertwilkins@campbell.com
SUP263,Valentine-Cobb,Terry Banks,uhowell@taylor-lewis.com
SUP264,Diaz-Long,Christina Garza,snyderchristopher@weeks-miller.info
SUP265,Jones Inc,Daniel Sanchez,rileyrenee@jackson.com
SUP266,Patel-Carlson,Tiffany Mcdonald,dudleyalexander@alvarez.com
SUP267,Garcia Ltd,Joann Morales,josephrojas@meyer-obrien.biz
SUP268,"Shannon, Franco and Vance",Jeffrey Ray,lewisjoshua@steele.com
SUP269,Eaton and Sons,Ian Murphy,dawsonjeffery@snow-smith.info
SUP270,Bishop-Moody,Matthew Parker,egriffin@cortez.com
SUP271,"Roach, Mitchell and Pineda",Isaac Crawford,clarkautumn@garcia.com
SUP272,"Murphy, Carr and Torres",Sarah Zamora,vrhodes@burns.com
SUP273,Jones-Marshall,Shane Berry,edwardrobinson@peters-johnson.com
SUP274,"Baker, Sullivan and Johnson",Allen Gilbert,cmartin@parker.com
SUP275,Lambert-Harrison,Peter Christensen,nrollins@harper.com
SUP276,Wallace-Reese,Robert Massey,john95@black.com
SUP277,"Gardner, Hunt and Ritter",Shannon Nunez,twright@kline.com
SUP278,Edwards LLC,Maria Jenkins,rangelkaren@willis.com
SUP279,Diaz-Silva,Melissa Reese,greenaudrey@parsons.biz
SUP280,Barrett-Jones,Raymond Wilson,joseph07@fox.org
SUP281,Sims Ltd,Anthony Clayton,laura65@adams.com
SUP282,Warner Ltd,Samantha Cole,vskinner@hammond.com
SUP283,"Wong, Wilson and Knight",Kristen Andrews,perrybooth@taylor.net
SUP284,Moore-Shaw,Charles Macias,gary83@valenzuela-hernandez.com
SUP285,"Parks, Krause and Harris",Brian Wilson,monica35@hart.com
SUP286,Rivers-Gilbert,Eugene Wallace,pdouglas@crawford-harrell.com
SUP287,Stewart-Fisher,Robert Rodriguez,adrianshannon@hunter.com
SUP288,"Davidson, Gonzalez and Hansen",Cody Jackson,mmartinez@phillips-banks.com
SUP289,Cooper and Sons,Michael Schmitt,qmoreno@edwards-collier.com
SUP290,"Pittman, Murphy and Hancock",Caleb Ray,bclark@joseph.com
SUP291,Peters-Rodriguez,Cheryl Monroe,nathaniel57@torres.com
SUP292,Dunn-Rubio,Michele Cunningham,patrick69@bryan.net
SUP293,West Ltd,Greg Maldonado,frobinson@smith-richardson.biz
SUP294,"Jackson, Ray and Sampson",Jason Ford,hillrebecca@evans.org
SUP295,Moran Group,Alan Leblanc,raymondblack@blanchard-rogers.com
SUP296,"Waters, Howard and Santiago",Donna Rogers,paula66@johnson.com
SUP297,Cochran-Holder,Patricia Keller,kristincummings@williams.org
SUP298,Rivera Inc,Samuel Davis,benjaminharris@ayers.org
SUP299,Weiss Inc,Shane Sims,mcgrathbrittney@steele-buckley.biz


SUP0300,"Lubowitz, Herzog and Cummerata",Allison Howe,Stanton_Johns5@yahoo.com
SUP0301,"Graham Inc",Flora Bins,Elias29@gmail.com
SUP0302,"Rowe Co",Gina Tromp,Charlie4@yahoo.com
SUP0303,"Witting-Bernier",Christian Bartoletti,Rowena_Wilkinson@yahoo.com
SUP0304,"Boyle, Reilly and Grimes",Olga Greenholt,Esther_Balistreri70@yahoo.com
SUP0305,"Cummings LLC",Rene Stiedemann,Marcel.OKon@gmail.com
SUP0306,"Bechtelar, Harris and Dickens",Joanne Breitenberg,Jessie_Runte28@yahoo.com
SUP0307,"Hilll Inc",Vickie Ratke V,Cleveland_Hickle@yahoo.com
SUP0308,"Zieme Associates",Leticia Mayert,Hadley_Orn21@gmail.com
SUP0309,"Prosacco-Dicki",Tyrone Luettgen IV,Ebony.Macejkovic84@hotmail.com
SUP0310,"Murray Corp",Howard Terry,Joelle85@yahoo.com
SUP0311,"Schiller Group",Lyle Cole,Torey77@gmail.com
SUP0312,"Leuschke Corp",Willard Brown-Block,Bessie8@hotmail.com
SUP0313,"Dickinson Corp",Winston Hoppe,Grant.Homenick@hotmail.com
SUP0314,"Kuhn, West and Stiedemann",Gerardo Rau,Esteban_Senger68@hotmail.com
SUP0315,"Vandervort, Kovacek and Terry",Don Effertz,Alan82@hotmail.com
SUP103,"Young & Hall Co",Barbara Anderson,barbaraanderson746@business.net
SUP104,"Adams, Jackson and Lee",Laura Nelson,lauranelson108@hotmail.com
SUP105,"Gonzalez-Perez",Richard Taylor,richardtaylor11@business.net
SUP106,"Johnson, Mitchell and Edwards",Thomas Harris,thomasharris701@gmail.com
SUP107,"Lewis Inc",Carol Wright,carolwright241@business.net
SUP103,"Rodriguez LLC",Edward Campbell,edwardcampbell83@outlook.com
SUP104,"Hernandez & Green LLC",Thomas Harris,thomasharris9@yahoo.com
SUP105,"Martinez Ltd",Kevin Carter,kevincarter817@yahoo.com
SUP106,"Green LLC",Andrew Scott,andrewscott357@company.com
SUP107,"Brown & Jones Corp",Mark Hall,markhall502@gmail.com
SUP103,"Campbell, Baker and Brown",Sarah Martin,sarahmartin836@yahoo.com
SUP104,"Garcia & Lewis Co",Sarah Martin,sarahmartin291@business.net
SUP105,"Brown-Phillips",Elizabeth Martinez,elizabethmartinez698@hotmail.com
SUP106,"Anderson, Thomas and Lee",Deborah Phillips,deborahphillips386@outlook.com
SUP107,"Hall Co",Brian Perez,brianperez741@hotmail.com
SUP108,"Edwards, Walker and Allen",James Smith,jamessmith971@business.net
SUP109,"King Inc",Emily Mitchell,emilymitchell529@yahoo.com
SUP110,"Scott-Green",George Turner,georgeturner688@gmail.com
SUP111,"Hernandez, Martinez and Garcia",Elizabeth Martinez,elizabethmartinez690@hotmail.com
SUP112,"Wright-White",Ronald Evans,ronaldevans756@gmail.com
SUP113,"Lee & Phillips LLC",Sarah Martin,sarahmartin946@hotmail.com
SUP114,"Allen LLC",Thomas Harris,thomasharris567@gmail.com
SUP115,"Taylor & Taylor Corp",Michael Miller,michaelmiller670@gmail.com
SUP116,"Hernandez, Wright and Baker",Richard Taylor,richardtaylor582@gmail.com
SUP117,"Anderson, Perez and Davis",Paul Lopez,paullopez492@hotmail.com
SUP118,"Garcia, Evans and Adams",Elizabeth Martinez,elizabethmartinez134@business.net
SUP119,"Scott-Harris",Ruth Hill,ruthhill46@yahoo.com
SUP120,"Martinez, Baker and Anderson",Anthony Lee,anthonylee597@yahoo.com
SUP121,"Adams-Edwards",Andrew Scott,andrewscott44@gmail.com
SUP122,"Thomas-Wright",John Jones,johnjones423@outlook.com
SUP123,"Nelson & Walker Inc",Deborah Phillips,deborahphillips977@gmail.com
SUP124,"Wilson-Smith",Edward Campbell,edwardcampbell74@outlook.com
SUP125,"Martinez-Williams",Linda Davis,lindadavis959@business.net
SUP126,"Campbell, Perez and Harris",David Wilson,davidwilson866@gmail.com
SUP127,"Martinez-Martin",Richard Taylor,richardtaylor411@gmail.com
SUP128,"Baker Inc",Paul Lopez,paullopez60@company.com
SUP129,"Rodriguez & Adams Inc",Patricia Brown,patriciabrown808@hotmail.com
SUP130,"Green-Clark",George Turner,georgeturner477@business.net
SUP131,"Hernandez-Edwards",Jessica White,jessicawhite75@business.net
SUP132,"Jackson, White and Hill",Donna Hernandez,donnahernandez185@company.com
SUP133,"Miller-Gonzalez",Kevin Carter,kevincarter36@hotmail.com
SUP134,"Jackson & Lewis Co",Daniel Robinson,danielrobinson19@hotmail.com
SUP135,"Lee & Hernandez Corp",Mark Hall,markhall988@gmail.com
SUP136,"Green, Nelson and Lee",Michael Miller,michaelmiller56@company.com
SUP137,"White-Taylor",Kenneth Gonzalez,kennethgonzalez485@gmail.com
SUP138,"Garcia Corp",George Turner,georgeturner567@business.net
SUP139,"Garcia, Turner and Perez",Thomas Harris,thomasharris31@company.com
SUP140,"White, Carter and Smith",Helen Walker,helenwalker536@business.net
SUP141,"Harris-Martinez",Lisa Clark,lisaclark597@outlook.com
SUP142,"Carter-Baker",Kenneth Gonzalez,kennethgonzalez132@hotmail.com
SUP143,"Roberts & Garcia Corp",Ronald Evans,ronaldevans811@yahoo.com
SUP144,"Miller & Walker Ltd",Steven King,stevenking14@outlook.com
SUP145,"Rodriguez-Nelson",Ronald Evans,ronaldevans374@business.net
SUP146,"Robinson-Adams",Kevin Carter,kevincarter747@business.net
SUP147,"Walker Corp",Emily Mitchell,emilymitchell146@company.com
SUP148,"Campbell-Smith",Sharon Green,sharongreen84@yahoo.com
SUP149,"Young & Smith LLC",Richard Taylor,richardtaylor500@company.com
SUP150,"Wilson & Jackson Inc",Laura Nelson,lauranelson331@hotmail.com
SUP151,"Turner Corp",Christopher Garcia,christophergarcia386@yahoo.com
SUP152,"Hernandez, Gonzalez and Young",Lisa Edwards,lisaedwards172@gmail.com
SUP153,"Thomas Co",Laura Nelson,lauranelson680@outlook.com
SUP154,"Garcia, Davis and Martin",Christopher Garcia,christophergarcia71@yahoo.com
SUP155,"Smith & Edwards Ltd",Deborah Phillips,deborahphillips631@company.com
SUP156,"Jackson, Rodriguez and Mitchell",Andrew Scott,andrewscott975@company.com
SUP157,"Perez, Anderson and Wilson",Richard Taylor,richardtaylor984@gmail.com
SUP158,"Wilson, Robinson and Thomas",Kenneth Gonzalez,kennethgonzalez881@company.com
SUP159,"Edwards Co",Ruth Hill,ruthhill13@business.net
SUP160,"Carter, Smith and Williams",Betty Lewis,bettylewis777@gmail.com
SUP161,"Anderson LLC",Deborah Phillips,deborahphillips62@yahoo.com
SUP162,"Adams & Clark LLC",Kimberly Roberts,kimberlyroberts935@company.com
SUP163,"Lopez, Lopez and Williams",Lisa Clark,lisaclark889@hotmail.com
SUP164,"Scott-Lewis",Sharon Green,sharongreen443@gmail.com
SUP165,"Edwards, Johnson and Perez",Mark Hall,markhall143@company.com
SUP166,"Smith, Harris and Johnson",Donna Hernandez,donnahernandez38@business.net
SUP167,"Robinson-Nelson",Laura Nelson,lauranelson75@hotmail.com
SUP168,"Campbell-Green",Ruth Hill,ruthhill370@business.net
SUP169,"Hall, Jones and Hall",Kenneth Gonzalez,kennethgonzalez233@hotmail.com
SUP170,"Lopez, Phillips and Hernandez",Robert Williams,robertwilliams580@gmail.com
SUP171,"Lee Co",Nancy Martinez,nancymartinez423@company.com
SUP172,"Hill LLC",Ruth Hill,ruthhill281@company.com
SUP173,"Williams, Hernandez and Rodriguez",John Jones,johnjones655@yahoo.com
SUP174,"Evans, Martinez and Smith",Joseph Jackson,josephjackson155@outlook.com
SUP175,"Williams, Anderson and Johnson",Matthew Rodriguez,matthewrodriguez743@outlook.com
SUP176,"Martinez-Green",Dorothy Parker,dorothyparker643@business.net
SUP177,"Garcia, Clark and Wright",Elizabeth Martinez,elizabethmartinez459@company.com
SUP178,"Young-Garcia",Joshua Adams,joshuaadams43@outlook.com
SUP179,"Martin, Roberts and Davis",Patricia Brown,patriciabrown814@outlook.com
SUP180,"Mitchell, Robinson and Walker",Paul Lopez,paullopez414@company.com
SUP181,"Garcia, Phillips and Wright",Sarah Martin,sarahmartin68@outlook.com
SUP182,"Edwards & Lewis LLC",Joseph Jackson,josephjackson368@hotmail.com
SUP183,"Baker & Baker Ltd",Robert Williams,robertwilliams966@yahoo.com
SUP184,"Campbell Corp",Mark Hall,markhall491@yahoo.com
SUP185,"Edwards, Hill and Mitchell",Steven King,stevenking271@yahoo.com
SUP186,"Hernandez Corp",Linda Davis,lindadavis463@outlook.com
SUP187,"Phillips Corp",Donald Young,donaldyoung959@gmail.com
SUP188,"Smith-Anderson",Mary Johnson,maryjohnson959@yahoo.com
SUP189,"Johnson & Wright Corp",Jessica White,jessicawhite973@business.net
SUP190,"Jones-Thomas",Lisa Edwards,lisaedwards870@gmail.com
SUP191,"Evans & Carter Ltd",David Wilson,davidwilson268@yahoo.com