store_id,store_name,location,manager,rejection_reason,rejection_timestamp
STORE1090,Oxford Store,East Greenwood,Jennifer Garcia,Duplicate key constraint violation,2025-08-22 23:10:41.273546
STORE1091,Salem Store,East Newport,George Turner,Duplicate key constraint violation,2025-08-22 23:10:41.273546
STORE1092,Chester Store,West Fairview,Richard Taylor,Duplicate key constraint violation,2025-08-22 23:10:41.273546
STORE1093,Manchester Store,East Jackson,Anthony Lee,Duplicate key constraint violation,2025-08-22 23:10:41.273546
STORE1094,Franklin Store,West Washington,Christopher Garcia,Duplicate key constraint violation,2025-08-22 23:10:41.273546
STORE1095,Fairview Store,East Bristol,Lisa Edwards,Duplicate key constraint violation,2025-08-22 23:10:41.273546
STORE1096,Milton Store,West Marion,Dorothy Parker,Duplicate key constraint violation,2025-08-22 23:10:41.273546
STORE1097,Burlington Store,West Richmond,John Jones,Duplicate key constraint violation,2025-08-22 23:10:41.273546
STORE1098,Springfield Store,East Clinton,Sarah Martin,Duplicate key constraint violation,2025-08-22 23:10:41.273546
STORE1099,Auburn Store,West Kingstontown,Emily Mitchell,Duplicate key constraint violation,2025-08-22 23:10:41.273546
STORE1100,Newport Store,East Richmond,Deborah Phillips,Duplicate key constraint violation,2025-08-22 23:10:41.273546
STORE1101,Madison Store,East Bristol,Anthony Lee,Duplicate key constraint violation,2025-08-22 23:10:41.273546
STORE1102,Troy Store,East Jacksontown,Andrew Scott,Duplicate key constraint violation,2025-08-22 23:10:41.273546
STORE1103,Washington Store,East Dovertown,Sandra Allen,Duplicate key constraint violation,2025-08-22 23:10:41.273546
STORE1104,Ashland Store,East Dover,Daniel Robinson,Duplicate key constraint violation,2025-08-22 23:10:41.273546
STORE1105,Salem Store,East Lancaster,Robert Williams,Duplicate key constraint violation,2025-08-22 23:10:41.273546
STORE1106,Greenwood Store,East Miltontown,James Smith,Duplicate key constraint violation,2025-08-22 23:10:41.273546
STORE1107,Washington Store,East Auburn,Barbara Anderson,Duplicate key constraint violation,2025-08-22 23:10:41.273546
STORE1108,Burlington Store,West Mariontown,Elizabeth Martinez,Duplicate key constraint violation,2025-08-22 23:10:41.273546
STORE1109,Madison Store,West Clayton,Michael Miller,Duplicate key constraint violation,2025-08-22 23:10:41.273546
STORE1110,Fairview Store,East Franklin,Kevin Carter,Duplicate key constraint violation,2025-08-22 23:10:41.273546
STORE1111,Dover Store,East Clayton,Sandra Allen,Duplicate key constraint violation,2025-08-22 23:10:41.273546
STORE1112,Franklin Store,East Manchester,David Wilson,Duplicate key constraint violation,2025-08-22 23:10:41.273546
STORE1113,Clayton Store,West Burlington,Elizabeth Martinez,Duplicate key constraint violation,2025-08-22 23:10:41.273546
STORE1114,Kingston Store,West Claytontown,Helen Walker,Duplicate key constraint violation,2025-08-22 23:10:41.273546
STORE1115,Jackson Store,West Fairview,Thomas Harris,Duplicate key constraint violation,2025-08-22 23:10:41.273546
STORE1116,Dover Store,East Waynetown,Sandra Allen,Duplicate key constraint violation,2025-08-22 23:10:41.273546
STORE1117,Madison Store,West Salemtown,Emily Mitchell,Duplicate key constraint violation,2025-08-22 23:10:41.273546
STORE1118,Lancaster Store,West Salem,Robert Williams,Duplicate key constraint violation,2025-08-22 23:10:41.273546
STORE1119,Manchester Store,West Milton,William Rodriguez,Duplicate key constraint violation,2025-08-22 23:10:41.273546
STORE1120,Riverside Store,West Arlingtontown,Brian Perez,Duplicate key constraint violation,2025-08-22 23:10:41.273546
STORE1121,Oxford Store,West Jackson,John Jones,Duplicate key constraint violation,2025-08-22 23:10:41.273546
STORE1122,Lancaster Store,East Chestertown,George Turner,Duplicate key constraint violation,2025-08-22 23:10:41.273546
STORE1123,Georgetown Store,East Springfield,Laura Nelson,Duplicate key constraint violation,2025-08-22 23:10:41.273546
STORE1124,Chester Store,West Hudson,Barbara Anderson,Duplicate key constraint violation,2025-08-22 23:10:41.273546
STORE1125,Milton Store,East Washington,Barbara Anderson,Duplicate key constraint violation,2025-08-22 23:10:41.273546
STORE1126,Marion Store,West Madisontown,John Jones,Duplicate key constraint violation,2025-08-22 23:10:41.273546
STORE1127,Clinton Store,West Salem,Kimberly Roberts,Duplicate key constraint violation,2025-08-22 23:10:41.273546
STORE1128,Clinton Store,West Chester,Christopher Garcia,Duplicate key constraint violation,2025-08-22 23:10:41.273546
STORE1129,Clayton Store,East Springfield,Matthew Rodriguez,Duplicate key constraint violation,2025-08-22 23:10:41.273546
STORE1130,Oxford Store,East Greenwood,Betty Lewis,Duplicate key constraint violation,2025-08-22 23:10:41.273546
STORE1131,Marion Store,East Dover,Dorothy Parker,Duplicate key constraint violation,2025-08-22 23:10:41.273546
STORE1132,Newport Store,East Franklin,Sandra Allen,Duplicate key constraint violation,2025-08-22 23:10:41.273546
STORE1133,Clayton Store,East Clayton,Laura Nelson,Duplicate key constraint violation,2025-08-22 23:10:41.273546
STORE1134,Dover Store,West Washington,Kimberly Roberts,Duplicate key constraint violation,2025-08-22 23:10:41.273546
STORE1135,Wayne Store,East Franklin,Sarah Martin,Duplicate key constraint violation,2025-08-22 23:10:41.273546
STORE1136,Jackson Store,West Springfield,Jessica White,Duplicate key constraint violation,2025-08-22 23:10:41.273546
STORE1137,Franklin Store,West Milton,Andrew Scott,Duplicate key constraint violation,2025-08-22 23:10:41.273546
STORE1138,Jackson Store,West Greenwood,Kevin Carter,Duplicate key constraint violation,2025-08-22 23:10:41.273546
STORE1139,Arlington Store,West Greenwood,Robert Williams,Duplicate key constraint violation,2025-08-22 23:10:41.273546
STORE1140,Oxford Store,West Arlington,Lisa Edwards,Duplicate key constraint violation,2025-08-22 23:10:41.273546
STORE1141,Springfield Store,East Hudson,David Wilson,Duplicate key constraint violation,2025-08-22 23:10:41.273546
STORE1142,Fairview Store,West Arlington,Sharon Green,Duplicate key constraint violation,2025-08-22 23:10:41.273546
STORE1143,Washington Store,East Springfieldtown,Paul Lopez,Duplicate key constraint violation,2025-08-22 23:10:41.273546
STORE1144,Newport Store,East Dover,Sharon Green,Duplicate key constraint violation,2025-08-22 23:10:41.273546
STORE1145,Fairview Store,East Franklin,Mark Hall,Duplicate key constraint violation,2025-08-22 23:10:41.273546
STORE1146,Jackson Store,West Hudsontown,Paul Lopez,Duplicate key constraint violation,2025-08-22 23:10:41.273546
STORE1147,Madison Store,East Ashlandtown,John Jones,Duplicate key constraint violation,2025-08-22 23:10:41.273546
STORE1148,Franklin Store,East Franklintown,Jennifer Garcia,Duplicate key constraint violation,2025-08-22 23:10:41.273546
STORE1149,Georgetown Store,West Hudsontown,Andrew Scott,Duplicate key constraint violation,2025-08-22 23:10:41.273546
STORE1150,Wayne Store,West Madison,Patricia Brown,Duplicate key constraint violation,2025-08-22 23:10:41.273546
STORE1151,Chester Store,East Auburn,Laura Nelson,Duplicate key constraint violation,2025-08-22 23:10:41.273546
STORE1152,Kingston Store,East Marion,Laura Nelson,Duplicate key constraint violation,2025-08-22 23:10:41.273546
STORE1153,Fairview Store,East Bristoltown,Daniel Robinson,Duplicate key constraint violation,2025-08-22 23:10:41.273546
STORE1154,Lancaster Store,West Bristol,Lisa Clark,Duplicate key constraint violation,2025-08-22 23:10:41.273546
STORE1155,Springfield Store,West Manchester,Laura Nelson,Duplicate key constraint violation,2025-08-22 23:10:41.273546
STORE1156,Franklin Store,East Dover,Paul Lopez,Duplicate key constraint violation,2025-08-22 23:10:41.273546
STORE1157,Franklin Store,East Greenwood,Kevin Carter,Duplicate key constraint violation,2025-08-22 23:10:41.273546
STORE1158,Auburn Store,West Newporttown,Jennifer Garcia,Duplicate key constraint violation,2025-08-22 23:10:41.273546
STORE1159,Clayton Store,West Clintontown,Jennifer Garcia,Duplicate key constraint violation,2025-08-22 23:10:41.273546
STORE1160,Jackson Store,East Lancaster,Robert Williams,Duplicate key constraint violation,2025-08-22 23:10:41.273546
STORE1161,Bristol Store,West Marion,Laura Nelson,Duplicate key constraint violation,2025-08-22 23:10:41.273546
STORE1162,Springfield Store,East Miltontown,Dorothy Parker,Duplicate key constraint violation,2025-08-22 23:10:41.273546
STORE1163,Auburn Store,West Fairview,Steven King,Duplicate key constraint violation,2025-08-22 23:10:41.273546
STORE1164,Wayne Store,East Auburn,Andrew Scott,Duplicate key constraint violation,2025-08-22 23:10:41.273546
STORE1165,Auburn Store,East Oxfordtown,Matthew Rodriguez,Duplicate key constraint violation,2025-08-22 23:10:41.273546
STORE1166,Springfield Store,West Ashland,Michelle Baker,Duplicate key constraint violation,2025-08-22 23:10:41.273546
STORE1167,Franklin Store,West Waynetown,Paul Lopez,Duplicate key constraint violation,2025-08-22 23:10:41.273546
STORE1168,Troy Store,East Chestertown,Patricia Brown,Duplicate key constraint violation,2025-08-22 23:10:41.273546
STORE1169,Troy Store,East Oxfordtown,Anthony Lee,Duplicate key constraint violation,2025-08-22 23:10:41.273546
STORE1170,Kingston Store,East Mariontown,Patricia Brown,Duplicate key constraint violation,2025-08-22 23:10:41.273546
STORE1171,Greenwood Store,West Troytown,Carol Wright,Duplicate key constraint violation,2025-08-22 23:10:41.273546
STORE1172,Chester Store,East Dover,Helen Walker,Duplicate key constraint violation,2025-08-22 23:10:41.273546
STORE1173,Marion Store,East Clinton,James Smith,Duplicate key constraint violation,2025-08-22 23:10:41.273546
STORE1174,Clinton Store,East Greenwood,Mary Johnson,Duplicate key constraint violation,2025-08-22 23:10:41.273546
STORE1175,Marion Store,West Milton,Jennifer Garcia,Duplicate key constraint violation,2025-08-22 23:10:41.273546
STORE1176,Springfield Store,West Marion,Dorothy Parker,Duplicate key constraint violation,2025-08-22 23:10:41.273546
STORE1177,Madison Store,East Clayton,Carol Wright,Duplicate key constraint violation,2025-08-22 23:10:41.273546
STORE1178,Kingston Store,West Hudson,Michael Miller,Duplicate key constraint violation,2025-08-22 23:10:41.273546
STORE1179,Wayne Store,West Jackson,Donald Young,Duplicate key constraint violation,2025-08-22 23:10:41.273546
STORE1180,Salem Store,East Oxford,David Wilson,Duplicate key constraint violation,2025-08-22 23:10:41.273546
STORE1181,Jackson Store,West Greenwood,Helen Walker,Duplicate key constraint violation,2025-08-22 23:10:41.273546
STORE1182,Jackson Store,East Clayton,Linda Davis,Duplicate key constraint violation,2025-08-22 23:10:41.273546
STORE1183,Newport Store,West Richmondtown,Emily Mitchell,Duplicate key constraint violation,2025-08-22 23:10:41.273546
STORE1184,Burlington Store,East Georgetown,Patricia Brown,Duplicate key constraint violation,2025-08-22 23:10:41.273546
STORE1185,Salem Store,East Madison,Deborah Phillips,Duplicate key constraint violation,2025-08-22 23:10:41.273546
STORE1186,Bristol Store,West Clintontown,Sandra Allen,Duplicate key constraint violation,2025-08-22 23:10:41.273546
STORE1187,Madison Store,East Chester,Matthew Rodriguez,Duplicate key constraint violation,2025-08-22 23:10:41.273546
STORE1188,Bristol Store,West Clayton,Richard Taylor,Duplicate key constraint violation,2025-08-22 23:10:41.273546
STORE1189,Greenwood Store,West Auburn,Patricia Brown,Duplicate key constraint violation,2025-08-22 23:10:41.273546
STORE1190,Georgetown Store,East Riverside,Christopher Garcia,Duplicate key constraint violation,2025-08-22 23:10:41.273546
STORE1191,Fairview Store,East Oxfordtown,Daniel Robinson,Duplicate key constraint violation,2025-08-22 23:10:41.273546
STORE1192,Ashland Store,West Fairview,Ruth Hill,Duplicate key constraint violation,2025-08-22 23:10:41.273546
STORE1193,Georgetown Store,West Burlingtontown,Jennifer Garcia,Duplicate key constraint violation,2025-08-22 23:10:41.273546
STORE1194,Jackson Store,East Salem,John Jones,Duplicate key constraint violation,2025-08-22 23:10:41.273546
STORE1195,Salem Store,East Kingston,Edward Campbell,Duplicate key constraint violation,2025-08-22 23:10:41.273546
STORE1196,Franklin Store,West Springfield,Matthew Rodriguez,Duplicate key constraint violation,2025-08-22 23:10:41.273546
STORE1197,Kingston Store,West Clinton,Donna Hernandez,Duplicate key constraint violation,2025-08-22 23:10:41.273546
STORE1198,Manchester Store,West Lancaster,Deborah Phillips,Duplicate key constraint violation,2025-08-22 23:10:41.273546
STORE1199,Bristol Store,East Hudsontown,James Smith,Duplicate key constraint violation,2025-08-22 23:10:41.273546
STORE1200,Ashland Store,West Manchestertown,Jessica White,Duplicate key constraint violation,2025-08-22 23:10:41.273546
STORE1201,Madison Store,East Milton,William Rodriguez,Duplicate key constraint violation,2025-08-22 23:10:41.273546
STORE1202,Newport Store,East Claytontown,Edward Campbell,Duplicate key constraint violation,2025-08-22 23:10:41.273546
STORE1203,Richmond Store,East Fairview,Kenneth Gonzalez,Duplicate key constraint violation,2025-08-22 23:10:41.273546
STORE1204,Newport Store,East Washington,Lisa Clark,Duplicate key constraint violation,2025-08-22 23:10:41.273546
STORE1205,Lancaster Store,West Richmondtown,Thomas Harris,Duplicate key constraint violation,2025-08-22 23:10:41.273546
STORE1206,Ashland Store,West Auburn,Edward Campbell,Duplicate key constraint violation,2025-08-22 23:10:41.273546
STORE1207,Arlington Store,West Jacksontown,Linda Davis,Duplicate key constraint violation,2025-08-22 23:10:41.273546
STORE1208,Chester Store,West Ashlandtown,Paul Lopez,Duplicate key constraint violation,2025-08-22 23:10:41.273546
STORE1209,Bristol Store,West Arlington,Paul Lopez,Duplicate key constraint violation,2025-08-22 23:10:41.273546
STORE1210,Kingston Store,East Burlington,Sarah Martin,Duplicate key constraint violation,2025-08-22 23:10:41.273546
STORE1211,Lancaster Store,West Clintontown,Betty Lewis,Duplicate key constraint violation,2025-08-22 23:10:41.273546
STORE1212,Bristol Store,East Salemtown,Sarah Martin,Duplicate key constraint violation,2025-08-22 23:10:41.273546
STORE1213,Madison Store,East Clayton,Sharon Green,Duplicate key constraint violation,2025-08-22 23:10:41.273546
STORE1214,Salem Store,East Springfield,Elizabeth Martinez,Duplicate key constraint violation,2025-08-22 23:10:41.273546
STORE1215,Oxford Store,East Kingston,Joseph Jackson,Duplicate key constraint violation,2025-08-22 23:10:41.273546
STORE1216,Burlington Store,East Marion,Jennifer Garcia,Duplicate key constraint violation,2025-08-22 23:10:41.273546
STORE1217,Riverside Store,West Auburn,Helen Walker,Duplicate key constraint violation,2025-08-22 23:10:41.273546
STORE1218,Burlington Store,East Bristol,Dorothy Parker,Duplicate key constraint violation,2025-08-22 23:10:41.273546
STORE1219,Marion Store,West Dover,Ronald Evans,Duplicate key constraint violation,2025-08-22 23:10:41.273546
STORE1220,Troy Store,East Fairviewtown,Edward Campbell,Duplicate key constraint violation,2025-08-22 23:10:41.273546
STORE1221,Newport Store,East Miltontown,Daniel Robinson,Duplicate key constraint violation,2025-08-22 23:10:41.273546
STORE1222,Greenwood Store,West Clayton,Ruth Hill,Duplicate key constraint violation,2025-08-22 23:10:41.273546
STORE1223,Dover Store,West Richmond,Kenneth Gonzalez,Duplicate key constraint violation,2025-08-22 23:10:41.273546
STORE1224,Auburn Store,East Fairview,George Turner,Duplicate key constraint violation,2025-08-22 23:10:41.273546
STORE1225,Bristol Store,East Bristoltown,Brian Perez,Duplicate key constraint violation,2025-08-22 23:10:41.273546
STORE1226,Dover Store,East Dover,Joseph Jackson,Duplicate key constraint violation,2025-08-22 23:10:41.273546
STORE1227,Hudson Store,East Lancaster,Nancy Martinez,Duplicate key constraint violation,2025-08-22 23:10:41.273546
STORE1228,Manchester Store,East Manchestertown,Paul Lopez,Duplicate key constraint violation,2025-08-22 23:10:41.273546
STORE1229,Riverside Store,West Dover,Emily Mitchell,Duplicate key constraint violation,2025-08-22 23:10:41.273546
STORE1230,Newport Store,East Lancaster,Ronald Evans,Duplicate key constraint violation,2025-08-22 23:10:41.273546
STORE1231,Fairview Store,West Auburn,John Jones,Duplicate key constraint violation,2025-08-22 23:10:41.273546
STORE1232,Washington Store,West Richmondtown,Michelle Baker,Duplicate key constraint violation,2025-08-22 23:10:41.273546
STORE1233,Ashland Store,East Chester,Thomas Harris,Duplicate key constraint violation,2025-08-22 23:10:41.273546
STORE1234,Manchester Store,East Clintontown,Deborah Phillips,Duplicate key constraint violation,2025-08-22 23:10:41.273546
STORE1235,Ashland Store,West Manchestertown,Mary Johnson,Duplicate key constraint violation,2025-08-22 23:10:41.273546
STORE1236,Kingston Store,East Clintontown,Joshua Adams,Duplicate key constraint violation,2025-08-22 23:10:41.273546
STORE1237,Newport Store,West Arlingtontown,Mary Johnson,Duplicate key constraint violation,2025-08-22 23:10:41.273546
STORE1238,Springfield Store,East Springfield,Laura Nelson,Duplicate key constraint violation,2025-08-22 23:10:41.273546
STORE1239,Manchester Store,West Kingston,Deborah Phillips,Duplicate key constraint violation,2025-08-22 23:10:41.273546
STORE1240,Richmond Store,East Auburntown,Thomas Harris,Duplicate key constraint violation,2025-08-22 23:10:41.273546
STORE1241,Salem Store,West Oxford,Richard Taylor,Duplicate key constraint violation,2025-08-22 23:10:41.273546
STORE1242,Franklin Store,East Madison,Steven King,Duplicate key constraint violation,2025-08-22 23:10:41.273546
STORE1243,Burlington Store,West Kingston,Edward Campbell,Duplicate key constraint violation,2025-08-22 23:10:41.273546
STORE1244,Marion Store,East Georgetowntown,Joshua Adams,Duplicate key constraint violation,2025-08-22 23:10:41.273546
STORE1245,Salem Store,West Jackson,Robert Williams,Duplicate key constraint violation,2025-08-22 23:10:41.273546
STORE1246,Madison Store,West Georgetown,Carol Wright,Duplicate key constraint violation,2025-08-22 23:10:41.273546
STORE1247,Lancaster Store,West Georgetown,Joseph Jackson,Duplicate key constraint violation,2025-08-22 23:10:41.273546
STORE1248,Arlington Store,East Ashlandtown,Michelle Baker,Duplicate key constraint violation,2025-08-22 23:10:41.273546
STORE1249,Madison Store,East Salemtown,Patricia Brown,Duplicate key constraint violation,2025-08-22 23:10:41.273546
STORE1250,Troy Store,West Manchester,Sarah Martin,Duplicate key constraint violation,2025-08-22 23:10:41.273546
STORE1251,Washington Store,West Riverside,Sharon Green,Duplicate key constraint violation,2025-08-22 23:10:41.273546
STORE1252,Marion Store,East Milton,Paul Lopez,Duplicate key constraint violation,2025-08-22 23:10:41.273546
STORE1253,Hudson Store,West Madison,Ruth Hill,Duplicate key constraint violation,2025-08-22 23:10:41.273546
STORE1254,Greenwood Store,West Richmondtown,Donna Hernandez,Duplicate key constraint violation,2025-08-22 23:10:41.273546
STORE1255,Wayne Store,West Riversidetown,Joseph Jackson,Duplicate key constraint violation,2025-08-22 23:10:41.273546
STORE1256,Greenwood Store,East Miltontown,Richard Taylor,Duplicate key constraint violation,2025-08-22 23:10:41.273546
STORE1257,Madison Store,East Miltontown,Christopher Garcia,Duplicate key constraint violation,2025-08-22 23:10:41.273546
STORE1258,Oxford Store,East Fairviewtown,Betty Lewis,Duplicate key constraint violation,2025-08-22 23:10:41.273546
STORE1259,Arlington Store,East Washington,Brian Perez,Duplicate key constraint violation,2025-08-22 23:10:41.273546
STORE1260,Washington Store,East Chester,Kevin Carter,Duplicate key constraint violation,2025-08-22 23:10:41.273546
STORE1261,Jackson Store,West Newport,Thomas Harris,Duplicate key constraint violation,2025-08-22 23:10:41.273546
STORE1262,Franklin Store,West Clinton,Linda Davis,Duplicate key constraint violation,2025-08-22 23:10:41.273546
STORE1263,Fairview Store,East Franklin,Robert Williams,Duplicate key constraint violation,2025-08-22 23:10:41.273546
STORE1264,Newport Store,East Washingtontown,Michelle Baker,Duplicate key constraint violation,2025-08-22 23:10:41.273546
STORE1265,Franklin Store,East Washington,Christopher Garcia,Duplicate key constraint violation,2025-08-22 23:10:41.273546
STORE1266,Fairview Store,East Madison,Lisa Clark,Duplicate key constraint violation,2025-08-22 23:10:41.273546
STORE1267,Franklin Store,East Bristoltown,Deborah Phillips,Duplicate key constraint violation,2025-08-22 23:10:41.273546
STORE1268,Burlington Store,West Greenwood,Joseph Jackson,Duplicate key constraint violation,2025-08-22 23:10:41.273546
STORE1269,Auburn Store,East Auburntown,Barbara Anderson,Duplicate key constraint violation,2025-08-22 23:10:41.273546
STORE1270,Jackson Store,West Auburn,Barbara Anderson,Duplicate key constraint violation,2025-08-22 23:10:41.273546
STORE1271,Ashland Store,East Manchestertown,John Jones,Duplicate key constraint violation,2025-08-22 23:10:41.273546
STORE1272,Richmond Store,West Chester,Emily Mitchell,Duplicate key constraint violation,2025-08-22 23:10:41.273546
STORE1273,Fairview Store,West Chestertown,Barbara Anderson,Duplicate key constraint violation,2025-08-22 23:10:41.273546
STORE1274,Newport Store,West Fairview,Emily Mitchell,Duplicate key constraint violation,2025-08-22 23:10:41.273546
STORE1275,Chester Store,East Madison,Matthew Rodriguez,Duplicate key constraint violation,2025-08-22 23:10:41.273546
STORE1276,Ashland Store,West Marion,Daniel Robinson,Duplicate key constraint violation,2025-08-22 23:10:41.273546
STORE1277,Georgetown Store,East Waynetown,Ruth Hill,Duplicate key constraint violation,2025-08-22 23:10:41.273546
STORE1278,Auburn Store,East Auburn,John Jones,Duplicate key constraint violation,2025-08-22 23:10:41.273546
STORE1279,Washington Store,East Salemtown,Andrew Scott,Duplicate key constraint violation,2025-08-22 23:10:41.273546
STORE1280,Jackson Store,West Washington,Sandra Allen,Duplicate key constraint violation,2025-08-22 23:10:41.273546
STORE1281,Wayne Store,East Franklintown,Ronald Evans,Duplicate key constraint violation,2025-08-22 23:10:41.273546
STORE1282,Marion Store,West Oxford,Daniel Robinson,Duplicate key constraint violation,2025-08-22 23:10:41.273546
STORE1283,Springfield Store,East Franklintown,Kimberly Roberts,Duplicate key constraint violation,2025-08-22 23:10:41.273546
STORE1284,Washington Store,West Claytontown,Barbara Anderson,Duplicate key constraint violation,2025-08-22 23:10:41.273546
STORE1285,Troy Store,East Richmondtown,Deborah Phillips,Duplicate key constraint violation,2025-08-22 23:10:41.273546
STORE1286,Franklin Store,West Madison,Donald Young,Duplicate key constraint violation,2025-08-22 23:10:41.273546
STORE1287,Auburn Store,West Georgetown,Susan Thomas,Duplicate key constraint violation,2025-08-22 23:10:41.273546
STORE1288,Burlington Store,West Georgetown,Kevin Carter,Duplicate key constraint violation,2025-08-22 23:10:41.273546
STORE1289,Dover Store,East Auburn,Brian Perez,Duplicate key constraint violation,2025-08-22 23:10:41.273546
STORE1290,Ashland Store,West Fairviewtown,Helen Walker,Duplicate key constraint violation,2025-08-22 23:10:41.273546
STORE1291,Lancaster Store,West Wayne,Nancy Martinez,Duplicate key constraint violation,2025-08-22 23:10:41.273546
STORE1292,Wayne Store,West Salem,George Turner,Duplicate key constraint violation,2025-08-22 23:10:41.273546
STORE1293,Georgetown Store,West Burlington,Betty Lewis,Duplicate key constraint violation,2025-08-22 23:10:41.273546
STORE1294,Chester Store,East Troy,Anthony Lee,Duplicate key constraint violation,2025-08-22 23:10:41.273546
STORE1295,Troy Store,East Ashlandtown,Sharon Green,Duplicate key constraint violation,2025-08-22 23:10:41.273546
STORE1296,Marion Store,East Lancastertown,Emily Mitchell,Duplicate key constraint violation,2025-08-22 23:10:41.273546
STORE1297,Newport Store,West Dovertown,Donna Hernandez,Duplicate key constraint violation,2025-08-22 23:10:41.273546
STORE1298,Bristol Store,East Clinton,Nancy Martinez,Duplicate key constraint violation,2025-08-22 23:10:41.273546
STORE1299,Clinton Store,West Auburn,Daniel Robinson,Duplicate key constraint violation,2025-08-22 23:10:41.273546
STORE1300,Dover Store,East Fairviewtown,Kevin Carter,Duplicate key constraint violation,2025-08-22 23:10:41.273546
STORE1301,Greenwood Store,West Hudson,Linda Davis,Duplicate key constraint violation,2025-08-22 23:10:41.273546
STORE1302,Marion Store,West Richmond,Barbara Anderson,Duplicate key constraint violation,2025-08-22 23:10:41.273546
STORE1303,Dover Store,West Troy,Joshua Adams,Duplicate key constraint violation,2025-08-22 23:10:41.273546
STORE1304,Milton Store,West Hudsontown,Edward Campbell,Duplicate key constraint violation,2025-08-22 23:10:41.273546
STORE1305,Troy Store,East Washington,Ruth Hill,Duplicate key constraint violation,2025-08-22 23:10:41.273546
STORE1306,Washington Store,East Clintontown,George Turner,Duplicate key constraint violation,2025-08-22 23:10:41.273546
STORE1307,Chester Store,West Ashlandtown,Robert Williams,Duplicate key constraint violation,2025-08-22 23:10:41.273546
STORE1308,Marion Store,East Clinton,Helen Walker,Duplicate key constraint violation,2025-08-22 23:10:41.273546
STORE1309,Newport Store,East Newport,Mary Johnson,Duplicate key constraint violation,2025-08-22 23:10:41.273546
STORE1310,Fairview Store,East Newport,Steven King,Duplicate key constraint violation,2025-08-22 23:10:41.273546
STORE1311,Auburn Store,East Georgetowntown,Helen Walker,Duplicate key constraint violation,2025-08-22 23:10:41.273546
STORE1312,Kingston Store,East Claytontown,Susan Thomas,Duplicate key constraint violation,2025-08-22 23:10:41.273546
STORE1313,Springfield Store,West Georgetown,John Jones,Duplicate key constraint violation,2025-08-22 23:10:41.273546
STORE1314,Washington Store,West Miltontown,Linda Davis,Duplicate key constraint violation,2025-08-22 23:10:41.273546
STORE1315,Clayton Store,West Troy,Richard Taylor,Duplicate key constraint violation,2025-08-22 23:10:41.273546
STORE1316,Salem Store,West Auburn,Carol Wright,Duplicate key constraint violation,2025-08-22 23:10:41.273546
STORE1317,Salem Store,West Bristoltown,Linda Davis,Duplicate key constraint violation,2025-08-22 23:10:41.273546
STORE1318,Kingston Store,East Newport,Lisa Clark,Duplicate key constraint violation,2025-08-22 23:10:41.273546
STORE1319,Richmond Store,East Salem,Joseph Jackson,Duplicate key constraint violation,2025-08-22 23:10:41.273546
STORE1320,Washington Store,West Franklin,Barbara Anderson,Duplicate key constraint violation,2025-08-22 23:10:41.273546
STORE1321,Springfield Store,East Riverside,Deborah Phillips,Duplicate key constraint violation,2025-08-22 23:10:41.273546
STORE1322,Madison Store,West Oxford,David Wilson,Duplicate key constraint violation,2025-08-22 23:10:41.273546
STORE1323,Chester Store,West Wayne,Robert Williams,Duplicate key constraint violation,2025-08-22 23:10:41.273546
STORE1324,Richmond Store,West Georgetown,David Wilson,Duplicate key constraint violation,2025-08-22 23:10:41.273546
STORE1325,Riverside Store,West Franklintown,Sharon Green,Duplicate key constraint violation,2025-08-22 23:10:41.273546
STORE1326,Richmond Store,West Washington,Elizabeth Martinez,Duplicate key constraint violation,2025-08-22 23:10:41.273546
STORE1327,Fairview Store,East Oxford,Richard Taylor,Duplicate key constraint violation,2025-08-22 23:10:41.273546
STORE1328,Clayton Store,West Fairview,Donna Hernandez,Duplicate key constraint violation,2025-08-22 23:10:41.273546
STORE1329,Newport Store,West Clinton,Ruth Hill,Duplicate key constraint violation,2025-08-22 23:10:41.273546
STORE1330,Kingston Store,West Madison,Brian Perez,Duplicate key constraint violation,2025-08-22 23:10:41.273546
STORE1331,Marion Store,West Arlington,Kenneth Gonzalez,Duplicate key constraint violation,2025-08-22 23:10:41.273546
STORE1332,Kingston Store,West Salem,Anthony Lee,Duplicate key constraint violation,2025-08-22 23:10:41.273546
STORE1333,Kingston Store,East Clayton,Steven King,Duplicate key constraint violation,2025-08-22 23:10:41.273546
STORE1334,Bristol Store,East Fairview,Mark Hall,Duplicate key constraint violation,2025-08-22 23:10:41.273546
STORE1335,Arlington Store,East Madison,Betty Lewis,Duplicate key constraint violation,2025-08-22 23:10:41.273546
STORE1336,Richmond Store,East Greenwoodtown,Paul Lopez,Duplicate key constraint violation,2025-08-22 23:10:41.273546
STORE1337,Riverside Store,East Lancastertown,Susan Thomas,Duplicate key constraint violation,2025-08-22 23:10:41.273546
STORE1338,Fairview Store,West Kingston,Ruth Hill,Duplicate key constraint violation,2025-08-22 23:10:41.273546
STORE1339,Salem Store,West Auburn,Richard Taylor,Duplicate key constraint violation,2025-08-22 23:10:41.273546
STORE1340,Ashland Store,East Franklin,Joshua Adams,Duplicate key constraint violation,2025-08-22 23:10:41.273546
STORE1341,Richmond Store,West Hudson,Andrew Scott,Duplicate key constraint violation,2025-08-22 23:10:41.273546
STORE1342,Franklin Store,West Springfieldtown,Kimberly Roberts,Duplicate key constraint violation,2025-08-22 23:10:41.273546
STORE1343,Ashland Store,West Dover,William Rodriguez,Duplicate key constraint violation,2025-08-22 23:10:41.273546
STORE1344,Lancaster Store,East Salem,Lisa Clark,Duplicate key constraint violation,2025-08-22 23:10:41.273546
STORE1345,Auburn Store,East Salem,Jessica White,Duplicate key constraint violation,2025-08-22 23:10:41.273546
STORE1346,Oxford Store,East Oxford,Daniel Robinson,Duplicate key constraint violation,2025-08-22 23:10:41.273546
STORE1347,Chester Store,East Arlingtontown,Ruth Hill,Duplicate key constraint violation,2025-08-22 23:10:41.273546
STORE1348,Franklin Store,West Springfield,Joshua Adams,Duplicate key constraint violation,2025-08-22 23:10:41.273546
STORE1349,Ashland Store,East Manchester,Carol Wright,Duplicate key constraint violation,2025-08-22 23:10:41.273546
STORE1350,Kingston Store,East Richmond,Thomas Harris,Duplicate key constraint violation,2025-08-22 23:10:41.273546
STORE1351,Bristol Store,East Riverside,Sandra Allen,Duplicate key constraint violation,2025-08-22 23:10:41.273546
STORE1352,Burlington Store,West Madisontown,George Turner,Duplicate key constraint violation,2025-08-22 23:10:41.273546
STORE1353,Lancaster Store,West Washingtontown,Sandra Allen,Duplicate key constraint violation,2025-08-22 23:10:41.273546
STORE1354,Riverside Store,East Kingston,Brian Perez,Duplicate key constraint violation,2025-08-22 23:10:41.273546
STORE1355,Clinton Store,West Dover,Kimberly Roberts,Duplicate key constraint violation,2025-08-22 23:10:41.273546
STORE1356,Oxford Store,West Richmond,Elizabeth Martinez,Duplicate key constraint violation,2025-08-22 23:10:41.273546
STORE1357,Riverside Store,West Georgetown,Sarah Martin,Duplicate key constraint violation,2025-08-22 23:10:41.273546
STORE1358,Georgetown Store,West Arlingtontown,John Jones,Duplicate key constraint violation,2025-08-22 23:10:41.273546
STORE1359,Franklin Store,West Auburn,Anthony Lee,Duplicate key constraint violation,2025-08-22 23:10:41.273546
STORE1360,Dover Store,East Mariontown,Ronald Evans,Duplicate key constraint violation,2025-08-22 23:10:41.273546
STORE1361,Wayne Store,West Hudsontown,Lisa Edwards,Duplicate key constraint violation,2025-08-22 23:10:41.273546
STORE1362,Dover Store,West Marion,Mary Johnson,Duplicate key constraint violation,2025-08-22 23:10:41.273546
STORE1363,Troy Store,West Manchester,Donald Young,Duplicate key constraint violation,2025-08-22 23:10:41.273546
STORE1364,Milton Store,East Dover,Thomas Harris,Duplicate key constraint violation,2025-08-22 23:10:41.273546
STORE1365,Bristol Store,West Burlington,Robert Williams,Duplicate key constraint violation,2025-08-22 23:10:41.273546
STORE1366,Clinton Store,East Manchester,John Jones,Duplicate key constraint violation,2025-08-22 23:10:41.273546
STORE1367,Hudson Store,East Burlington,Betty Lewis,Duplicate key constraint violation,2025-08-22 23:10:41.273546
STORE1368,Oxford Store,West Springfield,Linda Davis,Duplicate key constraint violation,2025-08-22 23:10:41.273546
STORE1369,Springfield Store,East Richmond,Helen Walker,Duplicate key constraint violation,2025-08-22 23:10:41.273546
STORE1370,Greenwood Store,West Newport,George Turner,Duplicate key constraint violation,2025-08-22 23:10:41.273546
STORE1371,Georgetown Store,East Franklintown,Barbara Anderson,Duplicate key constraint violation,2025-08-22 23:10:41.273546
STORE1372,Greenwood Store,West Ashlandtown,Linda Davis,Duplicate key constraint violation,2025-08-22 23:10:41.273546
STORE1373,Madison Store,East Hudson,Susan Thomas,Duplicate key constraint violation,2025-08-22 23:10:41.273546
STORE1374,Bristol Store,East Clayton,Richard Taylor,Duplicate key constraint violation,2025-08-22 23:10:41.273546
STORE1375,Troy Store,West Burlingtontown,Paul Lopez,Duplicate key constraint violation,2025-08-22 23:10:41.273546
STORE1376,Troy Store,East Hudson,Betty Lewis,Duplicate key constraint violation,2025-08-22 23:10:41.273546
STORE1377,Riverside Store,East Dover,Kimberly Roberts,Duplicate key constraint violation,2025-08-22 23:10:41.273546
STORE1378,Dover Store,West Clinton,Jessica White,Duplicate key constraint violation,2025-08-22 23:10:41.273546
STORE1379,Chester Store,West Fairview,Patricia Brown,Duplicate key constraint violation,2025-08-22 23:10:41.273546
STORE1380,Kingston Store,West Troy,Emily Mitchell,Duplicate key constraint violation,2025-08-22 23:10:41.273546
STORE1381,Burlington Store,West Washingtontown,Edward Campbell,Duplicate key constraint violation,2025-08-22 23:10:41.273546
STORE1382,Kingston Store,West Burlingtontown,John Jones,Duplicate key constraint violation,2025-08-22 23:10:41.273546
STORE1383,Lancaster Store,West Oxford,Jennifer Garcia,Duplicate key constraint violation,2025-08-22 23:10:41.273546
STORE1384,Madison Store,East Arlingtontown,Laura Nelson,Duplicate key constraint violation,2025-08-22 23:10:41.273546
STORE1385,Ashland Store,East Franklin,Barbara Anderson,Duplicate key constraint violation,2025-08-22 23:10:41.273546
STORE1386,Richmond Store,West Kingston,Helen Walker,Duplicate key constraint violation,2025-08-22 23:10:41.273546
STORE1387,Riverside Store,East Greenwoodtown,Mary Johnson,Duplicate key constraint violation,2025-08-22 23:10:41.273546
STORE1388,Chester Store,West Claytontown,Joseph Jackson,Duplicate key constraint violation,2025-08-22 23:10:41.273546
STORE1389,Hudson Store,West Clayton,Dorothy Parker,Duplicate key constraint violation,2025-08-22 23:10:41.273546
STORE1390,Troy Store,East Auburn,David Wilson,Duplicate key constraint violation,2025-08-22 23:10:41.273546
STORE1391,Georgetown Store,West Lancaster,Laura Nelson,Duplicate key constraint violation,2025-08-22 23:10:41.273546
STORE1392,Franklin Store,West Hudsontown,Lisa Edwards,Duplicate key constraint violation,2025-08-22 23:10:41.273546
STORE1393,Greenwood Store,West Arlington,Robert Williams,Duplicate key constraint violation,2025-08-22 23:10:41.273546
STORE1394,Troy Store,East Dover,Daniel Robinson,Duplicate key constraint violation,2025-08-22 23:10:41.273546
STORE1395,Ashland Store,West Burlington,Kevin Carter,Duplicate key constraint violation,2025-08-22 23:10:41.273546
STORE1396,Milton Store,West Greenwood,Linda Davis,Duplicate key constraint violation,2025-08-22 23:10:41.273546
STORE1397,Franklin Store,West Newport,Anthony Lee,Duplicate key constraint violation,2025-08-22 23:10:41.273546
STORE1398,Clinton Store,East Manchestertown,Laura Nelson,Duplicate key constraint violation,2025-08-22 23:10:41.273546
STORE1399,Fairview Store,West Manchester,Brian Perez,Duplicate key constraint violation,2025-08-22 23:10:41.273546
STORE1400,Troy Store,East Newport,Mary Johnson,Duplicate key constraint violation,2025-08-22 23:10:41.273546
STORE1401,Riverside Store,West Ashland,Kevin Carter,Duplicate key constraint violation,2025-08-22 23:10:41.273546
STORE1402,Auburn Store,East Jackson,Kimberly Roberts,Duplicate key constraint violation,2025-08-22 23:10:41.273546
STORE1403,Dover Store,West Fairviewtown,Donald Young,Duplicate key constraint violation,2025-08-22 23:10:41.273546
STORE1404,Wayne Store,East Manchester,Helen Walker,Duplicate key constraint violation,2025-08-22 23:10:41.273546
STORE1405,Greenwood Store,West Marion,David Wilson,Duplicate key constraint violation,2025-08-22 23:10:41.273546
STORE1406,Washington Store,West Kingston,Sandra Allen,Duplicate key constraint violation,2025-08-22 23:10:41.273546
STORE1407,Salem Store,East Greenwood,Sandra Allen,Duplicate key constraint violation,2025-08-22 23:10:41.273546
STORE1408,Springfield Store,East Franklin,Donald Young,Duplicate key constraint violation,2025-08-22 23:10:41.273546
STORE1409,Springfield Store,East Clinton,George Turner,Duplicate key constraint violation,2025-08-22 23:10:41.273546
STORE1410,Georgetown Store,West Bristol,Steven King,Duplicate key constraint violation,2025-08-22 23:10:41.273546
STORE1411,Newport Store,East Burlington,Emily Mitchell,Duplicate key constraint violation,2025-08-22 23:10:41.273546
STORE1412,Greenwood Store,East Madison,Dorothy Parker,Duplicate key constraint violation,2025-08-22 23:10:41.273546
STORE1413,Clinton Store,East Clinton,Susan Thomas,Duplicate key constraint violation,2025-08-22 23:10:41.273546
STORE1414,Lancaster Store,West Kingstontown,Michelle Baker,Duplicate key constraint violation,2025-08-22 23:10:41.273546
STORE1415,Marion Store,East Washingtontown,Barbara Anderson,Duplicate key constraint violation,2025-08-22 23:10:41.273546
STORE1416,Kingston Store,West Ashland,Brian Perez,Duplicate key constraint violation,2025-08-22 23:10:41.273546
STORE1417,Marion Store,West Burlington,Michael Miller,Duplicate key constraint violation,2025-08-22 23:10:41.273546
STORE1418,Manchester Store,West Clintontown,Helen Walker,Duplicate key constraint violation,2025-08-22 23:10:41.273546
STORE1419,Burlington Store,East Franklin,Joseph Jackson,Duplicate key constraint violation,2025-08-22 23:10:41.273546
STORE1420,Manchester Store,East Wayne,Jennifer Garcia,Duplicate key constraint violation,2025-08-22 23:10:41.273546
STORE1421,Georgetown Store,West Madison,Carol Wright,Duplicate key constraint violation,2025-08-22 23:10:41.273546
STORE1422,Fairview Store,West Manchestertown,Kimberly Roberts,Duplicate key constraint violation,2025-08-22 23:10:41.273546
STORE1423,Franklin Store,East Ashland,Dorothy Parker,Duplicate key constraint violation,2025-08-22 23:10:41.273546
STORE1424,Dover Store,East Troytown,Mark Hall,Duplicate key constraint violation,2025-08-22 23:10:41.273546
STORE1425,Madison Store,West Oxford,Michelle Baker,Duplicate key constraint violation,2025-08-22 23:10:41.273546
STORE1426,Burlington Store,East Franklin,Daniel Robinson,Duplicate key constraint violation,2025-08-22 23:10:41.273546
STORE1427,Dover Store,East Marion,Emily Mitchell,Duplicate key constraint violation,2025-08-22 23:10:41.273546
STORE1428,Oxford Store,West Waynetown,Richard Taylor,Duplicate key constraint violation,2025-08-22 23:10:41.273546
STORE1429,Kingston Store,East Ashlandtown,Donna Hernandez,Duplicate key constraint violation,2025-08-22 23:10:41.273546
STORE1430,Richmond Store,West Wayne,Mary Johnson,Duplicate key constraint violation,2025-08-22 23:10:41.273546
STORE1431,Kingston Store,West Wayne,Mary Johnson,Duplicate key constraint violation,2025-08-22 23:10:41.273546
STORE1432,Washington Store,East Marion,Elizabeth Martinez,Duplicate key constraint violation,2025-08-22 23:10:41.273546
STORE1433,Fairview Store,East Manchester,James Smith,Duplicate key constraint violation,2025-08-22 23:10:41.273546
STORE1434,Manchester Store,West Kingstontown,Sandra Allen,Duplicate key constraint violation,2025-08-22 23:10:41.273546
STORE1435,Salem Store,East Burlington,Linda Davis,Duplicate key constraint violation,2025-08-22 23:10:41.273546
STORE1436,Madison Store,West Chester,Mary Johnson,Duplicate key constraint violation,2025-08-22 23:10:41.273546
STORE1437,Jackson Store,West Oxfordtown,Lisa Clark,Duplicate key constraint violation,2025-08-22 23:10:41.273546
STORE1438,Ashland Store,East Auburntown,Emily Mitchell,Duplicate key constraint violation,2025-08-22 23:10:41.273546
STORE1439,Greenwood Store,East Troytown,Andrew Scott,Duplicate key constraint violation,2025-08-22 23:10:41.273546
STORE1440,Marion Store,West Fairviewtown,Daniel Robinson,Duplicate key constraint violation,2025-08-22 23:10:41.273546
STORE1441,Washington Store,West Troy,James Smith,Duplicate key constraint violation,2025-08-22 23:10:41.273546
STORE1442,Madison Store,East Troy,Betty Lewis,Duplicate key constraint violation,2025-08-22 23:10:41.273546
STORE1443,Kingston Store,East Milton,Brian Perez,Duplicate key constraint violation,2025-08-22 23:10:41.273546
STORE1444,Arlington Store,West Fairviewtown,Paul Lopez,Duplicate key constraint violation,2025-08-22 23:10:41.273546
STORE1445,Clinton Store,East Marion,Richard Taylor,Duplicate key constraint violation,2025-08-22 23:10:41.273546
STORE1446,Greenwood Store,West Richmond,Laura Nelson,Duplicate key constraint violation,2025-08-22 23:10:41.273546
STORE1447,Dover Store,West Greenwood,Carol Wright,Duplicate key constraint violation,2025-08-22 23:10:41.273546
STORE1448,Wayne Store,West Springfield,Mark Hall,Duplicate key constraint violation,2025-08-22 23:10:41.273546
STORE1449,Dover Store,West Clayton,Deborah Phillips,Duplicate key constraint violation,2025-08-22 23:10:41.273546
STORE1450,Chester Store,West Oxford,Sandra Allen,Duplicate key constraint violation,2025-08-22 23:10:41.273546
STORE1451,Bristol Store,West Troy,Donna Hernandez,Duplicate key constraint violation,2025-08-22 23:10:41.273546
STORE1452,Newport Store,West Greenwood,John Jones,Duplicate key constraint violation,2025-08-22 23:10:41.273546
STORE1453,Salem Store,West Georgetowntown,Nancy Martinez,Duplicate key constraint violation,2025-08-22 23:10:41.273546
STORE1454,Ashland Store,West Burlington,Richard Taylor,Duplicate key constraint violation,2025-08-22 23:10:41.273546
STORE1455,Greenwood Store,East Kingston,Jennifer Garcia,Duplicate key constraint violation,2025-08-22 23:10:41.273546
STORE1456,Bristol Store,West Greenwoodtown,Carol Wright,Duplicate key constraint violation,2025-08-22 23:10:41.273546
STORE1457,Richmond Store,West Clayton,James Smith,Duplicate key constraint violation,2025-08-22 23:10:41.273546
STORE1458,Clayton Store,West Riversidetown,David Wilson,Duplicate key constraint violation,2025-08-22 23:10:41.273546
STORE1459,Auburn Store,East Lancaster,Brian Perez,Duplicate key constraint violation,2025-08-22 23:10:41.273546
STORE1460,Ashland Store,East Burlingtontown,Susan Thomas,Duplicate key constraint violation,2025-08-22 23:10:41.273546
STORE1461,Marion Store,West Springfield,Joseph Jackson,Duplicate key constraint violation,2025-08-22 23:10:41.273546
STORE1462,Milton Store,West Franklin,Steven King,Duplicate key constraint violation,2025-08-22 23:10:41.273546
STORE1463,Auburn Store,West Marion,Emily Mitchell,Duplicate key constraint violation,2025-08-22 23:10:41.273546
STORE1464,Marion Store,West Marion,Betty Lewis,Duplicate key constraint violation,2025-08-22 23:10:41.273546
STORE1465,Troy Store,West Arlingtontown,Susan Thomas,Duplicate key constraint violation,2025-08-22 23:10:41.273546
STORE1466,Auburn Store,West Georgetown,Daniel Robinson,Duplicate key constraint violation,2025-08-22 23:10:41.273546
STORE1467,Auburn Store,East Springfield,Kenneth Gonzalez,Duplicate key constraint violation,2025-08-22 23:10:41.273546
STORE1468,Wayne Store,East Washingtontown,Jessica White,Duplicate key constraint violation,2025-08-22 23:10:41.273546
STORE1469,Burlington Store,East Ashland,Lisa Clark,Duplicate key constraint violation,2025-08-22 23:10:41.273546
STORE1470,Chester Store,West Franklin,George Turner,Duplicate key constraint violation,2025-08-22 23:10:41.273546
STORE1471,Franklin Store,West Auburn,William Rodriguez,Duplicate key constraint violation,2025-08-22 23:10:41.273546
STORE1472,Chester Store,West Auburn,Sharon Green,Duplicate key constraint violation,2025-08-22 23:10:41.273546
STORE1473,Lancaster Store,East Bristol,Lisa Clark,Duplicate key constraint violation,2025-08-22 23:10:41.273546
STORE1474,Washington Store,East Fairview,Richard Taylor,Duplicate key constraint violation,2025-08-22 23:10:41.273546
STORE1475,Franklin Store,East Marion,Sharon Green,Duplicate key constraint violation,2025-08-22 23:10:41.273546
STORE1476,Oxford Store,East Georgetown,Nancy Martinez,Duplicate key constraint violation,2025-08-22 23:10:41.273546
STORE1477,Oxford Store,West Newport,Kenneth Gonzalez,Duplicate key constraint violation,2025-08-22 23:10:41.273546
STORE1478,Clinton Store,East Claytontown,Helen Walker,Duplicate key constraint violation,2025-08-22 23:10:41.273546
STORE1479,Bristol Store,West Dovertown,Jessica White,Duplicate key constraint violation,2025-08-22 23:10:41.273546
STORE1480,Dover Store,West Arlingtontown,Linda Davis,Duplicate key constraint violation,2025-08-22 23:10:41.273546
STORE1481,Springfield Store,West Georgetowntown,Sharon Green,Duplicate key constraint violation,2025-08-22 23:10:41.273546
STORE1482,Wayne Store,West Fairviewtown,Matthew Rodriguez,Duplicate key constraint violation,2025-08-22 23:10:41.273546
STORE1483,Fairview Store,West Riverside,Thomas Harris,Duplicate key constraint violation,2025-08-22 23:10:41.273546
STORE1484,Burlington Store,East Claytontown,Matthew Rodriguez,Duplicate key constraint violation,2025-08-22 23:10:41.273546
STORE1485,Georgetown Store,West Dovertown,John Jones,Duplicate key constraint violation,2025-08-22 23:10:41.273546
STORE1486,Jackson Store,East Arlington,Susan Thomas,Duplicate key constraint violation,2025-08-22 23:10:41.273546
STORE1487,Milton Store,West Madison,Lisa Edwards,Duplicate key constraint violation,2025-08-22 23:10:41.273546
STORE1488,Madison Store,West Greenwood,Lisa Edwards,Duplicate key constraint violation,2025-08-22 23:10:41.273546
STORE1489,Clayton Store,West Auburntown,Kenneth Gonzalez,Duplicate key constraint violation,2025-08-22 23:10:41.273546
STORE1490,Milton Store,East Arlington,Robert Williams,Duplicate key constraint violation,2025-08-22 23:10:41.273546
STORE1491,Milton Store,West Bristoltown,Daniel Robinson,Duplicate key constraint violation,2025-08-22 23:10:41.273546
STORE1492,Clayton Store,West Georgetown,Donald Young,Duplicate key constraint violation,2025-08-22 23:10:41.273546
STORE1493,Georgetown Store,East Kingston,Susan Thomas,Duplicate key constraint violation,2025-08-22 23:10:41.273546
STORE1494,Troy Store,West Clayton,Elizabeth Martinez,Duplicate key constraint violation,2025-08-22 23:10:41.273546
STORE1495,Lancaster Store,West Manchester,Donna Hernandez,Duplicate key constraint violation,2025-08-22 23:10:41.273546
STORE1496,Troy Store,West Newporttown,Sarah Martin,Duplicate key constraint violation,2025-08-22 23:10:41.273546
STORE1497,Richmond Store,West Franklin,Patricia Brown,Duplicate key constraint violation,2025-08-22 23:10:41.273546
STORE1498,Marion Store,West Chester,Michael Miller,Duplicate key constraint violation,2025-08-22 23:10:41.273546
STORE1499,Greenwood Store,West Arlington,Dorothy Parker,Duplicate key constraint violation,2025-08-22 23:10:41.273546
STORE1500,Lancaster Store,East Jacksontown,Thomas Harris,Duplicate key constraint violation,2025-08-22 23:10:41.273546
STORE1501,Marion Store,East Georgetowntown,Lisa Edwards,Duplicate key constraint violation,2025-08-22 23:10:41.273546
STORE1502,Manchester Store,East Wayne,Helen Walker,Duplicate key constraint violation,2025-08-22 23:10:41.273546
STORE1503,Lancaster Store,East Oxford,Richard Taylor,Duplicate key constraint violation,2025-08-22 23:10:41.273546
STORE1504,Kingston Store,West Washington,Edward Campbell,Duplicate key constraint violation,2025-08-22 23:10:41.273546
STORE1505,Bristol Store,East Marion,Dorothy Parker,Duplicate key constraint violation,2025-08-22 23:10:41.273546
STORE1506,Marion Store,West Miltontown,Robert Williams,Duplicate key constraint violation,2025-08-22 23:10:41.273546
STORE1507,Milton Store,East Washington,Patricia Brown,Duplicate key constraint violation,2025-08-22 23:10:41.273546
STORE1508,Clinton Store,East Dover,Andrew Scott,Duplicate key constraint violation,2025-08-22 23:10:41.273546
STORE1509,Greenwood Store,East Georgetown,Kevin Carter,Duplicate key constraint violation,2025-08-22 23:10:41.273546
STORE1510,Riverside Store,East Washington,Emily Mitchell,Duplicate key constraint violation,2025-08-22 23:10:41.273546
STORE1511,Milton Store,East Bristol,Mark Hall,Duplicate key constraint violation,2025-08-22 23:10:41.273546
STORE1512,Manchester Store,West Manchester,Christopher Garcia,Duplicate key constraint violation,2025-08-22 23:10:41.273546
STORE1513,Oxford Store,West Troytown,Kenneth Gonzalez,Duplicate key constraint violation,2025-08-22 23:10:41.273546
STORE1514,Oxford Store,East Franklin,Deborah Phillips,Duplicate key constraint violation,2025-08-22 23:10:41.273546
STORE1515,Madison Store,East Manchester,Christopher Garcia,Duplicate key constraint violation,2025-08-22 23:10:41.273546
STORE1516,Manchester Store,East Bristol,William Rodriguez,Duplicate key constraint violation,2025-08-22 23:10:41.273546
STORE1517,Springfield Store,West Hudsontown,Dorothy Parker,Duplicate key constraint violation,2025-08-22 23:10:41.273546
STORE1518,Jackson Store,West Clinton,Christopher Garcia,Duplicate key constraint violation,2025-08-22 23:10:41.273546
STORE1519,Wayne Store,West Jackson,Lisa Clark,Duplicate key constraint violation,2025-08-22 23:10:41.273546
STORE1520,Burlington Store,West Claytontown,Joseph Jackson,Duplicate key constraint violation,2025-08-22 23:10:41.273546
STORE1521,Georgetown Store,East Lancaster,Edward Campbell,Duplicate key constraint violation,2025-08-22 23:10:41.273546
STORE1522,Greenwood Store,East Clinton,Carol Wright,Duplicate key constraint violation,2025-08-22 23:10:41.273546
STORE1523,Salem Store,East Auburn,Patricia Brown,Duplicate key constraint violation,2025-08-22 23:10:41.273546
STORE1524,Burlington Store,West Springfield,Helen Walker,Duplicate key constraint violation,2025-08-22 23:10:41.273546
STORE1525,Auburn Store,West Springfieldtown,Ronald Evans,Duplicate key constraint violation,2025-08-22 23:10:41.273546
STORE1526,Bristol Store,West Burlington,David Wilson,Duplicate key constraint violation,2025-08-22 23:10:41.273546
STORE1527,Auburn Store,East Auburn,Jennifer Garcia,Duplicate key constraint violation,2025-08-22 23:10:41.273546
STORE1528,Burlington Store,East Greenwood,Laura Nelson,Duplicate key constraint violation,2025-08-22 23:10:41.273546
STORE1529,Arlington Store,East Newport,Edward Campbell,Duplicate key constraint violation,2025-08-22 23:10:41.273546
STORE1530,Greenwood Store,West Fairviewtown,Matthew Rodriguez,Duplicate key constraint violation,2025-08-22 23:10:41.273546
STORE1531,Chester Store,West Kingstontown,Linda Davis,Duplicate key constraint violation,2025-08-22 23:10:41.273546
STORE1532,Richmond Store,East Bristol,Richard Taylor,Duplicate key constraint violation,2025-08-22 23:10:41.273546
STORE1533,Greenwood Store,East Waynetown,Donna Hernandez,Duplicate key constraint violation,2025-08-22 23:10:41.273546
STORE1534,Manchester Store,West Salem,Elizabeth Martinez,Duplicate key constraint violation,2025-08-22 23:10:41.273546
STORE1535,Arlington Store,West Bristol,Dorothy Parker,Duplicate key constraint violation,2025-08-22 23:10:41.273546
STORE1536,Richmond Store,West Wayne,Michelle Baker,Duplicate key constraint violation,2025-08-22 23:10:41.273546
STORE1537,Fairview Store,East Chestertown,Matthew Rodriguez,Duplicate key constraint violation,2025-08-22 23:10:41.273546
STORE1538,Newport Store,West Chester,Brian Perez,Duplicate key constraint violation,2025-08-22 23:10:41.273546
STORE1539,Dover Store,East Clinton,Matthew Rodriguez,Duplicate key constraint violation,2025-08-22 23:10:41.273546
STORE1540,Oxford Store,East Salemtown,Ronald Evans,Duplicate key constraint violation,2025-08-22 23:10:41.273546
STORE1541,Greenwood Store,East Arlington,Mark Hall,Duplicate key constraint violation,2025-08-22 23:10:41.273546
STORE1542,Newport Store,East Wayne,Jennifer Garcia,Duplicate key constraint violation,2025-08-22 23:10:41.273546
STORE1543,Lancaster Store,West Auburn,Laura Nelson,Duplicate key constraint violation,2025-08-22 23:10:41.273546
STORE1544,Fairview Store,West Troy,Mary Johnson,Duplicate key constraint violation,2025-08-22 23:10:41.273546
STORE1545,Springfield Store,West Milton,Nancy Martinez,Duplicate key constraint violation,2025-08-22 23:10:41.273546
STORE1546,Washington Store,West Riverside,Christopher Garcia,Duplicate key constraint violation,2025-08-22 23:10:41.273546
STORE1547,Salem Store,East Claytontown,Daniel Robinson,Duplicate key constraint violation,2025-08-22 23:10:41.273546
STORE1548,Wayne Store,West Salem,Steven King,Duplicate key constraint violation,2025-08-22 23:10:41.273546
STORE1549,Wayne Store,East Clintontown,Steven King,Duplicate key constraint violation,2025-08-22 23:10:41.273546
STORE1550,Chester Store,East Auburn,Richard Taylor,Duplicate key constraint violation,2025-08-22 23:10:41.273546
STORE1551,Marion Store,West Kingston,Thomas Harris,Duplicate key constraint violation,2025-08-22 23:10:41.273546
STORE1552,Marion Store,West Georgetown,Sharon Green,Duplicate key constraint violation,2025-08-22 23:10:41.273546
STORE1553,Georgetown Store,East Fairview,William Rodriguez,Duplicate key constraint violation,2025-08-22 23:10:41.273546
STORE1554,Wayne Store,West Burlington,Mary Johnson,Duplicate key constraint violation,2025-08-22 23:10:41.273546
STORE1555,Ashland Store,East Fairview,Lisa Clark,Duplicate key constraint violation,2025-08-22 23:10:41.273546
STORE1556,Manchester Store,West Lancaster,Lisa Edwards,Duplicate key constraint violation,2025-08-22 23:10:41.273546
STORE1557,Clayton Store,West Clintontown,Anthony Lee,Duplicate key constraint violation,2025-08-22 23:10:41.273546
STORE1558,Arlington Store,East Georgetown,Michael Miller,Duplicate key constraint violation,2025-08-22 23:10:41.273546
STORE1559,Richmond Store,West Burlington,Kevin Carter,Duplicate key constraint violation,2025-08-22 23:10:41.273546
STORE1560,Clinton Store,East Dover,Jessica White,Duplicate key constraint violation,2025-08-22 23:10:41.273546
STORE1561,Marion Store,West Wayne,William Rodriguez,Duplicate key constraint violation,2025-08-22 23:10:41.273546
STORE1562,Burlington Store,West Richmondtown,Patricia Brown,Duplicate key constraint violation,2025-08-22 23:10:41.273546
STORE1563,Salem Store,East Manchestertown,Edward Campbell,Duplicate key constraint violation,2025-08-22 23:10:41.273546
STORE1564,Burlington Store,East Georgetown,Andrew Scott,Duplicate key constraint violation,2025-08-22 23:10:41.273546
STORE1565,Washington Store,East Lancastertown,Thomas Harris,Duplicate key constraint violation,2025-08-22 23:10:41.273546
STORE1566,Burlington Store,West Manchestertown,Sarah Martin,Duplicate key constraint violation,2025-08-22 23:10:41.273546
STORE1567,Fairview Store,East Salem,Carol Wright,Duplicate key constraint violation,2025-08-22 23:10:41.273546
STORE1568,Georgetown Store,West Lancaster,Nancy Martinez,Duplicate key constraint violation,2025-08-22 23:10:41.273546
STORE1569,Greenwood Store,East Lancaster,Lisa Edwards,Duplicate key constraint violation,2025-08-22 23:10:41.273546
STORE1570,Lancaster Store,East Springfieldtown,Lisa Edwards,Duplicate key constraint violation,2025-08-22 23:10:41.273546
STORE1571,Fairview Store,West Auburn,Anthony Lee,Duplicate key constraint violation,2025-08-22 23:10:41.273546
STORE1572,Madison Store,West Richmondtown,William Rodriguez,Duplicate key constraint violation,2025-08-22 23:10:41.273546
STORE1573,Manchester Store,East Clayton,Mary Johnson,Duplicate key constraint violation,2025-08-22 23:10:41.273546
STORE1574,Clayton Store,West Fairview,Donna Hernandez,Duplicate key constraint violation,2025-08-22 23:10:41.273546
STORE1575,Kingston Store,West Arlingtontown,Elizabeth Martinez,Duplicate key constraint violation,2025-08-22 23:10:41.273546
STORE1576,Manchester Store,West Ashlandtown,George Turner,Duplicate key constraint violation,2025-08-22 23:10:41.273546
STORE1577,Troy Store,East Madison,Lisa Clark,Duplicate key constraint violation,2025-08-22 23:10:41.273546
STORE1578,Lancaster Store,West Mariontown,Ronald Evans,Duplicate key constraint violation,2025-08-22 23:10:41.273546
STORE1579,Ashland Store,West Lancastertown,Nancy Martinez,Duplicate key constraint violation,2025-08-22 23:10:41.273546
STORE1580,Clinton Store,West Riverside,Michael Miller,Duplicate key constraint violation,2025-08-22 23:10:41.273546
STORE1581,Jackson Store,East Springfieldtown,Sarah Martin,Duplicate key constraint violation,2025-08-22 23:10:41.273546
STORE1582,Newport Store,West Madison,Jennifer Garcia,Duplicate key constraint violation,2025-08-22 23:10:41.273546
STORE1583,Kingston Store,East Fairviewtown,Sarah Martin,Duplicate key constraint violation,2025-08-22 23:10:41.273546
STORE1584,Fairview Store,East Troytown,Betty Lewis,Duplicate key constraint violation,2025-08-22 23:10:41.273546
STORE1585,Richmond Store,East Riverside,Linda Davis,Duplicate key constraint violation,2025-08-22 23:10:41.273546
STORE1586,Hudson Store,East Waynetown,Daniel Robinson,Duplicate key constraint violation,2025-08-22 23:10:41.273546
STORE1587,Madison Store,East Washington,Sandra Allen,Duplicate key constraint violation,2025-08-22 23:10:41.273546
STORE1588,Lancaster Store,West Troy,Nancy Martinez,Duplicate key constraint violation,2025-08-22 23:10:41.273546
STORE1589,Chester Store,West Chestertown,Sarah Martin,Duplicate key constraint violation,2025-08-22 23:10:41.273546
STORE1590,Hudson Store,West Ashland,Daniel Robinson,Duplicate key constraint violation,2025-08-22 23:10:41.273546
STORE1591,Washington Store,East Georgetowntown,Barbara Anderson,Duplicate key constraint violation,2025-08-22 23:10:41.273546
STORE1592,Chester Store,East Fairview,Christopher Garcia,Duplicate key constraint violation,2025-08-22 23:10:41.273546
STORE1593,Clayton Store,East Springfieldtown,Ronald Evans,Duplicate key constraint violation,2025-08-22 23:10:41.273546
STORE1594,Troy Store,East Troy,Sarah Martin,Duplicate key constraint violation,2025-08-22 23:10:41.273546
STORE1595,Manchester Store,West Fairview,Paul Lopez,Duplicate key constraint violation,2025-08-22 23:10:41.273546
STORE1596,Madison Store,East Manchester,Anthony Lee,Duplicate key constraint violation,2025-08-22 23:10:41.273546
STORE1597,Marion Store,West Milton,Betty Lewis,Duplicate key constraint violation,2025-08-22 23:10:41.273546
STORE1598,Troy Store,West Lancaster,Nancy Martinez,Duplicate key constraint violation,2025-08-22 23:10:41.273546
STORE1599,Newport Store,East Springfield,Linda Davis,Duplicate key constraint violation,2025-08-22 23:10:41.273546
STORE1600,Madison Store,East Georgetowntown,Anthony Lee,Duplicate key constraint violation,2025-08-22 23:10:41.273546
STORE1601,Chester Store,East Clintontown,Daniel Robinson,Duplicate key constraint violation,2025-08-22 23:10:41.273546
STORE1602,Richmond Store,West Wayne,Joseph Jackson,Duplicate key constraint violation,2025-08-22 23:10:41.273546
STORE1603,Wayne Store,West Clinton,Deborah Phillips,Duplicate key constraint violation,2025-08-22 23:10:41.273546
STORE1604,Springfield Store,East Richmondtown,Nancy Martinez,Duplicate key constraint violation,2025-08-22 23:10:41.273546
STORE1605,Lancaster Store,West Franklintown,David Wilson,Duplicate key constraint violation,2025-08-22 23:10:41.273546
STORE1606,Bristol Store,West Madisontown,Deborah Phillips,Duplicate key constraint violation,2025-08-22 23:10:41.273546
STORE1607,Wayne Store,West Waynetown,Kenneth Gonzalez,Duplicate key constraint violation,2025-08-22 23:10:41.273546
STORE1608,Arlington Store,West Miltontown,Kenneth Gonzalez,Duplicate key constraint violation,2025-08-22 23:10:41.273546
STORE1609,Franklin Store,West Franklin,Dorothy Parker,Duplicate key constraint violation,2025-08-22 23:10:41.273546
STORE1610,Dover Store,West Riverside,Betty Lewis,Duplicate key constraint violation,2025-08-22 23:10:41.273546
STORE1611,Salem Store,East Jackson,Linda Davis,Duplicate key constraint violation,2025-08-22 23:10:41.273546
STORE1612,Franklin Store,West Lancastertown,Michael Miller,Duplicate key constraint violation,2025-08-22 23:10:41.273546
STORE1613,Newport Store,East Bristol,Sharon Green,Duplicate key constraint violation,2025-08-22 23:10:41.273546
STORE1614,Chester Store,East Troytown,William Rodriguez,Duplicate key constraint violation,2025-08-22 23:10:41.273546
STORE1615,Greenwood Store,East Greenwoodtown,Lisa Edwards,Duplicate key constraint violation,2025-08-22 23:10:41.273546
STORE1616,Manchester Store,West Ashlandtown,Ronald Evans,Duplicate key constraint violation,2025-08-22 23:10:41.273546
STORE1617,Riverside Store,West Dover,Jessica White,Duplicate key constraint violation,2025-08-22 23:10:41.273546
STORE1618,Riverside Store,West Clayton,Susan Thomas,Duplicate key constraint violation,2025-08-22 23:10:41.273546
STORE1619,Marion Store,West Burlington,Daniel Robinson,Duplicate key constraint violation,2025-08-22 23:10:41.273546
STORE1620,Clinton Store,East Arlington,Ruth Hill,Duplicate key constraint violation,2025-08-22 23:10:41.273546
STORE1621,Kingston Store,East Springfieldtown,Jennifer Garcia,Duplicate key constraint violation,2025-08-22 23:10:41.273546
STORE1622,Franklin Store,East Arlingtontown,John Jones,Duplicate key constraint violation,2025-08-22 23:10:41.273546
STORE1623,Clayton Store,West Franklin,Carol Wright,Duplicate key constraint violation,2025-08-22 23:10:41.273546
STORE1624,Springfield Store,East Lancaster,Robert Williams,Duplicate key constraint violation,2025-08-22 23:10:41.273546
STORE1625,Salem Store,East Wayne,Thomas Harris,Duplicate key constraint violation,2025-08-22 23:10:41.273546
STORE1626,Oxford Store,East Georgetowntown,Helen Walker,Duplicate key constraint violation,2025-08-22 23:10:41.273546
STORE1627,Clayton Store,West Washington,Joshua Adams,Duplicate key constraint violation,2025-08-22 23:10:41.273546
STORE1628,Clinton Store,West Georgetown,Kimberly Roberts,Duplicate key constraint violation,2025-08-22 23:10:41.273546
STORE1629,Hudson Store,East Troy,Joshua Adams,Duplicate key constraint violation,2025-08-22 23:10:41.273546
