supplier_id,supplier_name,contact_name,contact_email,rejection_reason,rejection_timestamp
SUP1090,Green & Johnson Corp,Mary Johnson,maryjohnson819@outlook.com,Duplicate key constraint violation,2025-08-22 23:06:34.597720
SUP1091,"Baker, Parker and Adams",Joseph Jackson,josephjackson772@gmail.com,Duplicate key constraint violation,2025-08-22 23:06:34.597720
SUP1092,Walker LLC,Lisa Clark,lisaclark415@hotmail.com,Duplicate key constraint violation,2025-08-22 23:06:34.597720
SUP1093,Perez-Green,David Wilson,davidwilson195@hotmail.com,Duplicate key constraint violation,2025-08-22 23:06:34.597720
SUP1094,Smith-Hernandez,Ruth Hill,ruthhill648@business.net,Duplicate key constraint violation,2025-08-22 23:06:34.597720
SUP1095,Hernandez LLC,Dorothy Parker,dorothyparker124@hotmail.com,Duplicate key constraint violation,2025-08-22 23:06:34.597720
SUP1096,"Turner, Perez and Wilson",Brian Perez,brianperez321@outlook.com,Duplicate key constraint violation,2025-08-22 23:06:34.597720
SUP1097,Adams-Evans,Dorothy Parker,dorothyparker881@company.com,Duplicate key constraint violation,2025-08-22 23:06:34.597720
SUP1098,Nelson & Jones Inc,Sharon Green,sharongreen751@hotmail.com,Duplicate key constraint violation,2025-08-22 23:06:34.597720
SUP1099,King-Young,Patricia Brown,patriciabrown654@yahoo.com,Duplicate key constraint violation,2025-08-22 23:06:34.597720
SUP1100,Carter-Gonzalez,Jessica White,jessicawhite643@company.com,Duplicate key constraint violation,2025-08-22 23:06:34.597720
SUP1101,Anderson & Walker Ltd,Deborah Phillips,deborahphillips757@company.com,Duplicate key constraint violation,2025-08-22 23:06:34.597720
SUP1102,Jones-Gonzalez,Laura Nelson,lauranelson998@gmail.com,Duplicate key constraint violation,2025-08-22 23:06:34.597720
SUP1103,"Taylor, Hill and Baker",Kevin Carter,kevincarter622@hotmail.com,Duplicate key constraint violation,2025-08-22 23:06:34.597720
SUP1104,Young-Harris,Mark Hall,markhall564@outlook.com,Duplicate key constraint violation,2025-08-22 23:06:34.597720
SUP1105,Walker-Garcia,William Rodriguez,williamrodriguez316@business.net,Duplicate key constraint violation,2025-08-22 23:06:34.597720
SUP1106,Thomas-Hernandez,Ruth Hill,ruthhill656@business.net,Duplicate key constraint violation,2025-08-22 23:06:34.597720
SUP1107,Rodriguez & Roberts Inc,John Jones,johnjones325@yahoo.com,Duplicate key constraint violation,2025-08-22 23:06:34.597720
SUP1108,Williams & Allen LLC,Dorothy Parker,dorothyparker348@hotmail.com,Duplicate key constraint violation,2025-08-22 23:06:34.597720
SUP1109,Anderson Co,Thomas Harris,thomasharris783@hotmail.com,Duplicate key constraint violation,2025-08-22 23:06:34.597720
SUP1110,"Walker, Turner and Lee",Patricia Brown,patriciabrown246@business.net,Duplicate key constraint violation,2025-08-22 23:06:34.597720
SUP1111,Williams Ltd,Edward Campbell,edwardcampbell203@outlook.com,Duplicate key constraint violation,2025-08-22 23:06:34.597720
SUP1112,"Evans, Martinez and Taylor",Betty Lewis,bettylewis344@gmail.com,Duplicate key constraint violation,2025-08-22 23:06:34.597720
SUP1113,Garcia Ltd,Laura Nelson,lauranelson233@company.com,Duplicate key constraint violation,2025-08-22 23:06:34.597720
SUP1114,"Hill, Scott and Smith",Carol Wright,carolwright540@yahoo.com,Duplicate key constraint violation,2025-08-22 23:06:34.597720
SUP1115,Harris-White,John Jones,johnjones907@company.com,Duplicate key constraint violation,2025-08-22 23:06:34.597720
SUP1116,Edwards-Roberts,Carol Wright,carolwright15@gmail.com,Duplicate key constraint violation,2025-08-22 23:06:34.597720
SUP1117,Jackson-Allen,Jessica White,jessicawhite255@business.net,Duplicate key constraint violation,2025-08-22 23:06:34.597720
SUP1118,Carter & Walker Co,Laura Nelson,lauranelson40@gmail.com,Duplicate key constraint violation,2025-08-22 23:06:34.597720
SUP1119,Wright & Martinez Inc,Kenneth Gonzalez,kennethgonzalez793@gmail.com,Duplicate key constraint violation,2025-08-22 23:06:34.597720
SUP1120,"Mitchell, Edwards and Davis",Brian Perez,brianperez776@gmail.com,Duplicate key constraint violation,2025-08-22 23:06:34.597720
SUP1121,Green-Harris,James Smith,jamessmith737@yahoo.com,Duplicate key constraint violation,2025-08-22 23:06:34.597720
SUP1122,"Martinez, Evans and Scott",David Wilson,davidwilson920@company.com,Duplicate key constraint violation,2025-08-22 23:06:34.597720
SUP1123,King & Martinez Co,Richard Taylor,richardtaylor564@gmail.com,Duplicate key constraint violation,2025-08-22 23:06:34.597720
SUP1124,Rodriguez Corp,Carol Wright,carolwright954@company.com,Duplicate key constraint violation,2025-08-22 23:06:34.597720
SUP1125,Mitchell-Young,Paul Lopez,paullopez122@outlook.com,Duplicate key constraint violation,2025-08-22 23:06:34.597720
SUP1126,Hernandez & Phillips Ltd,Kevin Carter,kevincarter574@company.com,Duplicate key constraint violation,2025-08-22 23:06:34.597720
SUP1127,"Adams, Hernandez and Harris",Deborah Phillips,deborahphillips917@yahoo.com,Duplicate key constraint violation,2025-08-22 23:06:34.597720
SUP1128,"Green, Walker and Baker",Sandra Allen,sandraallen629@company.com,Duplicate key constraint violation,2025-08-22 23:06:34.597720
SUP1129,Parker & Rodriguez Co,Joshua Adams,joshuaadams531@company.com,Duplicate key constraint violation,2025-08-22 23:06:34.597720
SUP1130,Mitchell & Anderson Inc,Deborah Phillips,deborahphillips932@hotmail.com,Duplicate key constraint violation,2025-08-22 23:06:34.597720
SUP1131,Perez Corp,Paul Lopez,paullopez616@yahoo.com,Duplicate key constraint violation,2025-08-22 23:06:34.597720
SUP1132,Allen & Phillips Inc,Anthony Lee,anthonylee194@outlook.com,Duplicate key constraint violation,2025-08-22 23:06:34.597720
SUP1133,"Hill, Edwards and Nelson",James Smith,jamessmith615@outlook.com,Duplicate key constraint violation,2025-08-22 23:06:34.597720
SUP1134,Smith Ltd,Jennifer Garcia,jennifergarcia436@business.net,Duplicate key constraint violation,2025-08-22 23:06:34.597720
SUP1135,Wright Ltd,Thomas Harris,thomasharris195@hotmail.com,Duplicate key constraint violation,2025-08-22 23:06:34.597720
SUP1136,"Adams, Lewis and Lee",Matthew Rodriguez,matthewrodriguez524@business.net,Duplicate key constraint violation,2025-08-22 23:06:34.597720
SUP1137,Wright & Martinez Corp,Sandra Allen,sandraallen240@gmail.com,Duplicate key constraint violation,2025-08-22 23:06:34.597720
SUP1138,"Martinez, Scott and Garcia",Kenneth Gonzalez,kennethgonzalez482@hotmail.com,Duplicate key constraint violation,2025-08-22 23:06:34.597720
SUP1139,Campbell-Hill,Matthew Rodriguez,matthewrodriguez940@business.net,Duplicate key constraint violation,2025-08-22 23:06:34.597720
SUP1140,Garcia Co,Susan Thomas,susanthomas809@business.net,Duplicate key constraint violation,2025-08-22 23:06:34.597720
SUP1141,King & Anderson Inc,Matthew Rodriguez,matthewrodriguez730@company.com,Duplicate key constraint violation,2025-08-22 23:06:34.597720
SUP1142,Wright-King,Matthew Rodriguez,matthewrodriguez809@hotmail.com,Duplicate key constraint violation,2025-08-22 23:06:34.597720
SUP1143,Anderson & Adams LLC,Helen Walker,helenwalker7@outlook.com,Duplicate key constraint violation,2025-08-22 23:06:34.597720
SUP1144,Baker-Edwards,Mark Hall,markhall300@gmail.com,Duplicate key constraint violation,2025-08-22 23:06:34.597720
SUP1145,Hernandez Ltd,Sandra Allen,sandraallen204@business.net,Duplicate key constraint violation,2025-08-22 23:06:34.597720
SUP1146,Rodriguez-Williams,Jessica White,jessicawhite392@gmail.com,Duplicate key constraint violation,2025-08-22 23:06:34.597720
SUP1147,King Co,Patricia Brown,patriciabrown379@hotmail.com,Duplicate key constraint violation,2025-08-22 23:06:34.597720
SUP1148,Campbell LLC,Kenneth Gonzalez,kennethgonzalez194@hotmail.com,Duplicate key constraint violation,2025-08-22 23:06:34.597720
SUP1149,Smith & Hernandez Inc,Kevin Carter,kevincarter233@outlook.com,Duplicate key constraint violation,2025-08-22 23:06:34.597720
SUP1150,Johnson & Clark Ltd,William Rodriguez,williamrodriguez421@hotmail.com,Duplicate key constraint violation,2025-08-22 23:06:34.597720
SUP1151,Robinson-Baker,Helen Walker,helenwalker154@company.com,Duplicate key constraint violation,2025-08-22 23:06:34.597720
SUP1152,Mitchell-Gonzalez,Helen Walker,helenwalker70@company.com,Duplicate key constraint violation,2025-08-22 23:06:34.597720
SUP1153,Rodriguez-Lewis,Helen Walker,helenwalker621@company.com,Duplicate key constraint violation,2025-08-22 23:06:34.597720
SUP1154,King & Allen Ltd,George Turner,georgeturner278@hotmail.com,Duplicate key constraint violation,2025-08-22 23:06:34.597720
SUP1155,"Taylor, Evans and Lopez",Sandra Allen,sandraallen2@business.net,Duplicate key constraint violation,2025-08-22 23:06:34.597720
SUP1156,"Smith, Rodriguez and Carter",Sandra Allen,sandraallen714@gmail.com,Duplicate key constraint violation,2025-08-22 23:06:34.597720
SUP1157,"Brown, Evans and Phillips",Jessica White,jessicawhite125@company.com,Duplicate key constraint violation,2025-08-22 23:06:34.597720
SUP1158,"Gonzalez, Green and Walker",John Jones,johnjones648@outlook.com,Duplicate key constraint violation,2025-08-22 23:06:34.597720
SUP1159,Gonzalez Co,Lisa Clark,lisaclark169@hotmail.com,Duplicate key constraint violation,2025-08-22 23:06:34.597720
SUP1160,"Campbell, Lee and Baker",Susan Thomas,susanthomas876@hotmail.com,Duplicate key constraint violation,2025-08-22 23:06:34.597720
SUP1161,Davis-Evans,Paul Lopez,paullopez430@hotmail.com,Duplicate key constraint violation,2025-08-22 23:06:34.597720
SUP1162,"Gonzalez, Rodriguez and Mitchell",Sarah Martin,sarahmartin996@hotmail.com,Duplicate key constraint violation,2025-08-22 23:06:34.597720
SUP1163,Adams & Phillips Inc,Ronald Evans,ronaldevans303@gmail.com,Duplicate key constraint violation,2025-08-22 23:06:34.597720
SUP1164,Rodriguez-Parker,Barbara Anderson,barbaraanderson163@business.net,Duplicate key constraint violation,2025-08-22 23:06:34.597720
SUP1165,"Harris, Nelson and Scott",Donna Hernandez,donnahernandez680@company.com,Duplicate key constraint violation,2025-08-22 23:06:34.597720
SUP1166,Carter Inc,Betty Lewis,bettylewis149@gmail.com,Duplicate key constraint violation,2025-08-22 23:06:34.597720
SUP1167,Mitchell Ltd,James Smith,jamessmith897@gmail.com,Duplicate key constraint violation,2025-08-22 23:06:34.597720
SUP1168,"Johnson, Nelson and Johnson",Richard Taylor,richardtaylor922@gmail.com,Duplicate key constraint violation,2025-08-22 23:06:34.597720
SUP1169,Gonzalez Corp,Dorothy Parker,dorothyparker102@yahoo.com,Duplicate key constraint violation,2025-08-22 23:06:34.597720
SUP1170,Walker-Williams,Kimberly Roberts,kimberlyroberts198@outlook.com,Duplicate key constraint violation,2025-08-22 23:06:34.597720
SUP1171,"Lee, Williams and Garcia",Deborah Phillips,deborahphillips665@hotmail.com,Duplicate key constraint violation,2025-08-22 23:06:34.597720
SUP1172,Hill & Nelson Inc,Anthony Lee,anthonylee591@outlook.com,Duplicate key constraint violation,2025-08-22 23:06:34.597720
SUP1173,Phillips & Wilson Corp,Kenneth Gonzalez,kennethgonzalez554@yahoo.com,Duplicate key constraint violation,2025-08-22 23:06:34.597720
SUP1174,"Parker, Garcia and Mitchell",Jennifer Garcia,jennifergarcia68@gmail.com,Duplicate key constraint violation,2025-08-22 23:06:34.597720
SUP1175,"Lopez, Robinson and Martin",Jessica White,jessicawhite292@yahoo.com,Duplicate key constraint violation,2025-08-22 23:06:34.597720
SUP1176,"King, Wright and Scott",Michelle Baker,michellebaker740@business.net,Duplicate key constraint violation,2025-08-22 23:06:34.597720
SUP1177,"Taylor, Clark and Rodriguez",Christopher Garcia,christophergarcia849@company.com,Duplicate key constraint violation,2025-08-22 23:06:34.597720
SUP1178,Phillips Inc,John Jones,johnjones818@business.net,Duplicate key constraint violation,2025-08-22 23:06:34.597720
SUP1179,"Hill, Johnson and Parker",David Wilson,davidwilson634@company.com,Duplicate key constraint violation,2025-08-22 23:06:34.597720
SUP1180,Harris-Miller,Sarah Martin,sarahmartin216@outlook.com,Duplicate key constraint violation,2025-08-22 23:06:34.597720
SUP1181,Garcia Corp,Brian Perez,brianperez97@outlook.com,Duplicate key constraint violation,2025-08-22 23:06:34.597720
SUP1182,"Harris, Lopez and King",Sharon Green,sharongreen204@business.net,Duplicate key constraint violation,2025-08-22 23:06:34.597720
SUP1183,Smith-Carter,Joshua Adams,joshuaadams772@outlook.com,Duplicate key constraint violation,2025-08-22 23:06:34.597720
SUP1184,"Lee, Scott and Lee",Donna Hernandez,donnahernandez367@company.com,Duplicate key constraint violation,2025-08-22 23:06:34.597720
SUP1185,"Green, Anderson and Robinson",Deborah Phillips,deborahphillips643@hotmail.com,Duplicate key constraint violation,2025-08-22 23:06:34.597720
SUP1186,Perez Ltd,John Jones,johnjones336@company.com,Duplicate key constraint violation,2025-08-22 23:06:34.597720
SUP1187,Martinez-Rodriguez,Joshua Adams,joshuaadams202@outlook.com,Duplicate key constraint violation,2025-08-22 23:06:34.597720
SUP1188,Young Co,Joseph Jackson,josephjackson897@yahoo.com,Duplicate key constraint violation,2025-08-22 23:06:34.597720
SUP1189,Hall-Mitchell,Kevin Carter,kevincarter168@gmail.com,Duplicate key constraint violation,2025-08-22 23:06:34.597720
SUP1190,Nelson-Wright,George Turner,georgeturner254@yahoo.com,Duplicate key constraint violation,2025-08-22 23:06:34.597720
SUP1191,Walker & Rodriguez LLC,Steven King,stevenking860@yahoo.com,Duplicate key constraint violation,2025-08-22 23:06:34.597720
SUP1192,Garcia Ltd,Deborah Phillips,deborahphillips562@outlook.com,Duplicate key constraint violation,2025-08-22 23:06:34.597720
SUP1193,Edwards-King,Barbara Anderson,barbaraanderson696@hotmail.com,Duplicate key constraint violation,2025-08-22 23:06:34.597720
SUP1194,Mitchell-Scott,William Rodriguez,williamrodriguez26@company.com,Duplicate key constraint violation,2025-08-22 23:06:34.597720
SUP1195,Green-Brown,Richard Taylor,richardtaylor960@outlook.com,Duplicate key constraint violation,2025-08-22 23:06:34.597720
SUP1196,White-Gonzalez,Linda Davis,lindadavis281@business.net,Duplicate key constraint violation,2025-08-22 23:06:34.597720
SUP1197,Jones & Edwards Corp,Carol Wright,carolwright698@yahoo.com,Duplicate key constraint violation,2025-08-22 23:06:34.597720
SUP1198,"Williams, Anderson and Johnson",Daniel Robinson,danielrobinson345@company.com,Duplicate key constraint violation,2025-08-22 23:06:34.597720
SUP1199,"Walker, Garcia and Carter",Donald Young,donaldyoung95@hotmail.com,Duplicate key constraint violation,2025-08-22 23:06:34.597720
SUP1200,Walker-Brown,Emily Mitchell,emilymitchell920@yahoo.com,Duplicate key constraint violation,2025-08-22 23:06:34.597720
SUP1201,Campbell & Lopez LLC,Mary Johnson,maryjohnson738@hotmail.com,Duplicate key constraint violation,2025-08-22 23:06:34.597720
SUP1202,Hernandez & Green Ltd,Kenneth Gonzalez,kennethgonzalez520@gmail.com,Duplicate key constraint violation,2025-08-22 23:06:34.597720
SUP1203,"Mitchell, Turner and Clark",Robert Williams,robertwilliams586@yahoo.com,Duplicate key constraint violation,2025-08-22 23:06:34.597720
SUP1204,Garcia Co,Thomas Harris,thomasharris2@outlook.com,Duplicate key constraint violation,2025-08-22 23:06:34.597720
SUP1205,"Evans, Young and Hall",Mark Hall,markhall857@yahoo.com,Duplicate key constraint violation,2025-08-22 23:06:34.597720
SUP1206,"Johnson, Allen and Davis",Sarah Martin,sarahmartin883@gmail.com,Duplicate key constraint violation,2025-08-22 23:06:34.597720
SUP1207,Taylor & Evans Co,William Rodriguez,williamrodriguez903@business.net,Duplicate key constraint violation,2025-08-22 23:06:34.597720
SUP1208,Garcia-Perez,Patricia Brown,patriciabrown510@outlook.com,Duplicate key constraint violation,2025-08-22 23:06:34.597720
SUP1209,Gonzalez & Garcia Inc,Kevin Carter,kevincarter207@outlook.com,Duplicate key constraint violation,2025-08-22 23:06:34.597720
SUP1210,"Hernandez, Gonzalez and Mitchell",Joseph Jackson,josephjackson196@business.net,Duplicate key constraint violation,2025-08-22 23:06:34.597720
SUP1211,Carter & White Corp,Robert Williams,robertwilliams759@outlook.com,Duplicate key constraint violation,2025-08-22 23:06:34.597720
SUP1212,Mitchell-Harris,George Turner,georgeturner93@yahoo.com,Duplicate key constraint violation,2025-08-22 23:06:34.597720
SUP1213,Martin Inc,Kenneth Gonzalez,kennethgonzalez387@hotmail.com,Duplicate key constraint violation,2025-08-22 23:06:34.597720
SUP1214,Brown-Clark,Kimberly Roberts,kimberlyroberts288@gmail.com,Duplicate key constraint violation,2025-08-22 23:06:34.597720
SUP1215,Hall Ltd,Andrew Scott,andrewscott932@business.net,Duplicate key constraint violation,2025-08-22 23:06:34.597720
SUP1216,"Brown, Perez and Clark",Nancy Martinez,nancymartinez660@company.com,Duplicate key constraint violation,2025-08-22 23:06:34.597720
SUP1217,White-Miller,Anthony Lee,anthonylee266@business.net,Duplicate key constraint violation,2025-08-22 23:06:34.597720
SUP1218,"Martin, Anderson and Thomas",David Wilson,davidwilson737@outlook.com,Duplicate key constraint violation,2025-08-22 23:06:34.597720
SUP1219,"Clark, King and Robinson",James Smith,jamessmith577@company.com,Duplicate key constraint violation,2025-08-22 23:06:34.597720
SUP1220,Hall & Roberts Co,Betty Lewis,bettylewis39@yahoo.com,Duplicate key constraint violation,2025-08-22 23:06:34.597720
SUP1221,Rodriguez & Rodriguez Corp,Jessica White,jessicawhite523@business.net,Duplicate key constraint violation,2025-08-22 23:06:34.597720
SUP1222,"Nelson, Rodriguez and Turner",James Smith,jamessmith289@outlook.com,Duplicate key constraint violation,2025-08-22 23:06:34.597720
SUP1223,Martin-White,David Wilson,davidwilson622@company.com,Duplicate key constraint violation,2025-08-22 23:06:34.597720
SUP1224,"Campbell, Young and Edwards",Jennifer Garcia,jennifergarcia81@company.com,Duplicate key constraint violation,2025-08-22 23:06:34.597720
SUP1225,Martin & Green Corp,Laura Nelson,lauranelson218@gmail.com,Duplicate key constraint violation,2025-08-22 23:06:34.597720
SUP1226,Scott & Taylor Inc,Mary Johnson,maryjohnson883@company.com,Duplicate key constraint violation,2025-08-22 23:06:34.597720
SUP1227,Harris Co,Kimberly Roberts,kimberlyroberts60@gmail.com,Duplicate key constraint violation,2025-08-22 23:06:34.597720
SUP1228,Hernandez Co,Daniel Robinson,danielrobinson559@business.net,Duplicate key constraint violation,2025-08-22 23:06:34.597720
SUP1229,Edwards-Edwards,Betty Lewis,bettylewis646@gmail.com,Duplicate key constraint violation,2025-08-22 23:06:34.597720
SUP1230,Robinson-Campbell,Michelle Baker,michellebaker820@outlook.com,Duplicate key constraint violation,2025-08-22 23:06:34.597720
SUP1231,Campbell & Lopez Corp,Edward Campbell,edwardcampbell861@hotmail.com,Duplicate key constraint violation,2025-08-22 23:06:34.597720
SUP1232,"Jackson, King and Gonzalez",Jessica White,jessicawhite279@business.net,Duplicate key constraint violation,2025-08-22 23:06:34.597720
SUP1233,Anderson & Davis Co,Betty Lewis,bettylewis923@hotmail.com,Duplicate key constraint violation,2025-08-22 23:06:34.597720
SUP1234,"Carter, Hall and Martinez",Robert Williams,robertwilliams612@company.com,Duplicate key constraint violation,2025-08-22 23:06:34.597720
SUP1235,Young & Hall Corp,James Smith,jamessmith50@outlook.com,Duplicate key constraint violation,2025-08-22 23:06:34.597720
SUP1236,Scott Inc,Michael Miller,michaelmiller842@company.com,Duplicate key constraint violation,2025-08-22 23:06:34.597720
SUP1237,"Rodriguez, Miller and Brown",Lisa Edwards,lisaedwards468@gmail.com,Duplicate key constraint violation,2025-08-22 23:06:34.597720
SUP1238,Adams & Evans Ltd,Linda Davis,lindadavis744@outlook.com,Duplicate key constraint violation,2025-08-22 23:06:34.597720
SUP1239,"Martinez, Wilson and Hill",Sandra Allen,sandraallen142@business.net,Duplicate key constraint violation,2025-08-22 23:06:34.597720
SUP1240,Brown-Hernandez,Thomas Harris,thomasharris223@business.net,Duplicate key constraint violation,2025-08-22 23:06:34.597720
SUP1241,Hill-Nelson,Andrew Scott,andrewscott927@gmail.com,Duplicate key constraint violation,2025-08-22 23:06:34.597720
SUP1242,Perez LLC,Edward Campbell,edwardcampbell51@outlook.com,Duplicate key constraint violation,2025-08-22 23:06:34.597720
SUP1243,Harris & Perez LLC,Christopher Garcia,christophergarcia540@gmail.com,Duplicate key constraint violation,2025-08-22 23:06:34.597720
SUP1244,White LLC,Christopher Garcia,christophergarcia855@hotmail.com,Duplicate key constraint violation,2025-08-22 23:06:34.597720
SUP1245,Allen & Walker Inc,George Turner,georgeturner423@yahoo.com,Duplicate key constraint violation,2025-08-22 23:06:34.597720
SUP1246,"Nelson, Johnson and Jackson",Matthew Rodriguez,matthewrodriguez165@gmail.com,Duplicate key constraint violation,2025-08-22 23:06:34.597720
SUP1247,"Jackson, Green and Anderson",Dorothy Parker,dorothyparker157@hotmail.com,Duplicate key constraint violation,2025-08-22 23:06:34.597720
SUP1248,Adams-Rodriguez,Ronald Evans,ronaldevans953@outlook.com,Duplicate key constraint violation,2025-08-22 23:06:34.597720
SUP1249,"Roberts, Anderson and Baker",Betty Lewis,bettylewis890@hotmail.com,Duplicate key constraint violation,2025-08-22 23:06:34.597720
SUP1250,Hernandez Corp,Mary Johnson,maryjohnson951@yahoo.com,Duplicate key constraint violation,2025-08-22 23:06:34.597720
SUP1251,Davis Corp,James Smith,jamessmith228@company.com,Duplicate key constraint violation,2025-08-22 23:06:34.597720
SUP1252,Davis & Anderson Corp,Robert Williams,robertwilliams753@business.net,Duplicate key constraint violation,2025-08-22 23:06:34.597720
SUP1253,Lopez-Adams,Richard Taylor,richardtaylor904@yahoo.com,Duplicate key constraint violation,2025-08-22 23:06:34.597720
SUP1254,King Co,Brian Perez,brianperez913@business.net,Duplicate key constraint violation,2025-08-22 23:06:34.597720
SUP1255,"Martin, Wright and Miller",Carol Wright,carolwright906@gmail.com,Duplicate key constraint violation,2025-08-22 23:06:34.597720
SUP1256,"Gonzalez, Mitchell and Wilson",Sarah Martin,sarahmartin224@gmail.com,Duplicate key constraint violation,2025-08-22 23:06:34.597720
SUP1257,"Lewis, Evans and Hall",Paul Lopez,paullopez973@hotmail.com,Duplicate key constraint violation,2025-08-22 23:06:34.597720
SUP1258,Young Inc,Michael Miller,michaelmiller481@business.net,Duplicate key constraint violation,2025-08-22 23:06:34.597720
SUP1259,Hernandez & Walker Inc,Thomas Harris,thomasharris297@company.com,Duplicate key constraint violation,2025-08-22 23:06:34.597720
SUP1260,Martin Corp,George Turner,georgeturner623@yahoo.com,Duplicate key constraint violation,2025-08-22 23:06:34.597720
SUP1261,Thomas Corp,Elizabeth Martinez,elizabethmartinez430@gmail.com,Duplicate key constraint violation,2025-08-22 23:06:34.597720
SUP1262,Turner Co,Sandra Allen,sandraallen579@hotmail.com,Duplicate key constraint violation,2025-08-22 23:06:34.597720
SUP1263,Nelson Ltd,Donna Hernandez,donnahernandez889@company.com,Duplicate key constraint violation,2025-08-22 23:06:34.597720
SUP1264,Rodriguez & Lee LLC,Betty Lewis,bettylewis605@gmail.com,Duplicate key constraint violation,2025-08-22 23:06:34.597720
SUP1265,Edwards & Campbell Inc,Matthew Rodriguez,matthewrodriguez674@hotmail.com,Duplicate key constraint violation,2025-08-22 23:06:34.597720
SUP1266,Williams & Clark LLC,Brian Perez,brianperez751@outlook.com,Duplicate key constraint violation,2025-08-22 23:06:34.597720
SUP1267,Rodriguez Co,Andrew Scott,andrewscott31@business.net,Duplicate key constraint violation,2025-08-22 23:06:34.597720
SUP1268,Lee-Rodriguez,Jennifer Garcia,jennifergarcia194@gmail.com,Duplicate key constraint violation,2025-08-22 23:06:34.597720
SUP1269,Turner & Rodriguez Co,Anthony Lee,anthonylee287@business.net,Duplicate key constraint violation,2025-08-22 23:06:34.597720
SUP1270,Johnson Co,Emily Mitchell,emilymitchell712@hotmail.com,Duplicate key constraint violation,2025-08-22 23:06:34.597720
SUP1271,Davis Inc,Kevin Carter,kevincarter719@outlook.com,Duplicate key constraint violation,2025-08-22 23:06:34.597720
SUP1272,Turner & Young Inc,George Turner,georgeturner772@hotmail.com,Duplicate key constraint violation,2025-08-22 23:06:34.597720
SUP1273,Edwards & Hernandez Co,Mary Johnson,maryjohnson821@outlook.com,Duplicate key constraint violation,2025-08-22 23:06:34.597720
SUP1274,Nelson-Jones,Elizabeth Martinez,elizabethmartinez8@yahoo.com,Duplicate key constraint violation,2025-08-22 23:06:34.597720
SUP1275,Edwards-Lopez,Jessica White,jessicawhite443@hotmail.com,Duplicate key constraint violation,2025-08-22 23:06:34.597720
SUP1276,King-Gonzalez,Linda Davis,lindadavis152@hotmail.com,Duplicate key constraint violation,2025-08-22 23:06:34.597720
SUP1277,"Phillips, Garcia and Martinez",Ruth Hill,ruthhill609@hotmail.com,Duplicate key constraint violation,2025-08-22 23:06:34.597720
SUP1278,Williams & Anderson Inc,Deborah Phillips,deborahphillips14@yahoo.com,Duplicate key constraint violation,2025-08-22 23:06:34.597720
SUP1279,Martin-Martin,James Smith,jamessmith318@company.com,Duplicate key constraint violation,2025-08-22 23:06:34.597720
SUP1280,White-Thomas,Barbara Anderson,barbaraanderson284@company.com,Duplicate key constraint violation,2025-08-22 23:06:34.597720
SUP1281,Garcia-Hall,Ronald Evans,ronaldevans982@yahoo.com,Duplicate key constraint violation,2025-08-22 23:06:34.597720
SUP1282,"Williams, Martin and Martinez",Donald Young,donaldyoung790@outlook.com,Duplicate key constraint violation,2025-08-22 23:06:34.597720
SUP1283,Martin Ltd,James Smith,jamessmith158@hotmail.com,Duplicate key constraint violation,2025-08-22 23:06:34.597720
SUP1284,Taylor Inc,Christopher Garcia,christophergarcia614@outlook.com,Duplicate key constraint violation,2025-08-22 23:06:34.597720
SUP1285,Johnson-Baker,Anthony Lee,anthonylee90@company.com,Duplicate key constraint violation,2025-08-22 23:06:34.597720
SUP1286,Edwards & Clark Ltd,Ronald Evans,ronaldevans672@business.net,Duplicate key constraint violation,2025-08-22 23:06:34.597720
SUP1287,Wilson-Martinez,Michael Miller,michaelmiller615@company.com,Duplicate key constraint violation,2025-08-22 23:06:34.597720
SUP1288,Jackson & Lee Co,David Wilson,davidwilson209@hotmail.com,Duplicate key constraint violation,2025-08-22 23:06:34.597720
SUP1289,Garcia-Hill,Mark Hall,markhall820@company.com,Duplicate key constraint violation,2025-08-22 23:06:34.597720
SUP1290,Jones-Thomas,George Turner,georgeturner236@company.com,Duplicate key constraint violation,2025-08-22 23:06:34.597720
SUP1291,King Co,Susan Thomas,susanthomas833@business.net,Duplicate key constraint violation,2025-08-22 23:06:34.597720
SUP1292,Phillips & Wilson Co,James Smith,jamessmith869@yahoo.com,Duplicate key constraint violation,2025-08-22 23:06:34.597720
SUP1293,Baker-Taylor,Michael Miller,michaelmiller837@hotmail.com,Duplicate key constraint violation,2025-08-22 23:06:34.597720
SUP1294,Garcia-Hill,Dorothy Parker,dorothyparker912@company.com,Duplicate key constraint violation,2025-08-22 23:06:34.597720
SUP1295,Carter-Hill,Kevin Carter,kevincarter799@company.com,Duplicate key constraint violation,2025-08-22 23:06:34.597720
SUP1296,"Taylor, Evans and King",Brian Perez,brianperez907@hotmail.com,Duplicate key constraint violation,2025-08-22 23:06:34.597720
SUP1297,"Garcia, White and Hall",Jennifer Garcia,jennifergarcia843@hotmail.com,Duplicate key constraint violation,2025-08-22 23:06:34.597720
SUP1298,"Phillips, Turner and Lopez",Michelle Baker,michellebaker96@hotmail.com,Duplicate key constraint violation,2025-08-22 23:06:34.597720
SUP1299,"Rodriguez, Jones and Scott",Donna Hernandez,donnahernandez935@yahoo.com,Duplicate key constraint violation,2025-08-22 23:06:34.597720
SUP1300,Evans-Martinez,Brian Perez,brianperez695@business.net,Duplicate key constraint violation,2025-08-22 23:06:34.597720
SUP1301,Adams-Phillips,James Smith,jamessmith118@business.net,Duplicate key constraint violation,2025-08-22 23:06:34.597720
SUP1302,"Jones, Brown and Davis",Barbara Anderson,barbaraanderson919@outlook.com,Duplicate key constraint violation,2025-08-22 23:06:34.597720
SUP1303,Roberts Inc,Kevin Carter,kevincarter820@yahoo.com,Duplicate key constraint violation,2025-08-22 23:06:34.597720
SUP1304,Taylor & Martinez Ltd,Kevin Carter,kevincarter92@business.net,Duplicate key constraint violation,2025-08-22 23:06:34.597720
SUP1305,"Allen, Rodriguez and Brown",Joseph Jackson,josephjackson339@business.net,Duplicate key constraint violation,2025-08-22 23:06:34.597720
SUP1306,Garcia & Martinez Corp,Sharon Green,sharongreen579@yahoo.com,Duplicate key constraint violation,2025-08-22 23:06:34.597720
SUP1307,Green LLC,Donna Hernandez,donnahernandez970@business.net,Duplicate key constraint violation,2025-08-22 23:06:34.597720
SUP1308,Green Ltd,Edward Campbell,edwardcampbell421@gmail.com,Duplicate key constraint violation,2025-08-22 23:06:34.597720
SUP1309,Phillips-Rodriguez,Richard Taylor,richardtaylor94@outlook.com,Duplicate key constraint violation,2025-08-22 23:06:34.597720
SUP1310,Martinez Ltd,William Rodriguez,williamrodriguez191@company.com,Duplicate key constraint violation,2025-08-22 23:06:34.597720
SUP1311,Robinson Ltd,Lisa Edwards,lisaedwards384@business.net,Duplicate key constraint violation,2025-08-22 23:06:34.597720
SUP1312,Nelson & Jones Ltd,Linda Davis,lindadavis886@hotmail.com,Duplicate key constraint violation,2025-08-22 23:06:34.597720
SUP1313,Green-Taylor,Sharon Green,sharongreen861@yahoo.com,Duplicate key constraint violation,2025-08-22 23:06:34.597720
SUP1314,Hill-Edwards,Mary Johnson,maryjohnson145@yahoo.com,Duplicate key constraint violation,2025-08-22 23:06:34.597720
SUP1315,Martinez & Brown LLC,David Wilson,davidwilson654@yahoo.com,Duplicate key constraint violation,2025-08-22 23:06:34.597720
SUP1316,"Martinez, Thomas and Roberts",Brian Perez,brianperez969@company.com,Duplicate key constraint violation,2025-08-22 23:06:34.597720
SUP1317,Walker Inc,Donna Hernandez,donnahernandez979@business.net,Duplicate key constraint violation,2025-08-22 23:06:34.597720
SUP1318,Turner LLC,Robert Williams,robertwilliams395@gmail.com,Duplicate key constraint violation,2025-08-22 23:06:34.597720
SUP1319,King Inc,Steven King,stevenking117@gmail.com,Duplicate key constraint violation,2025-08-22 23:06:34.597720
SUP1320,Hall-Edwards,Laura Nelson,lauranelson894@hotmail.com,Duplicate key constraint violation,2025-08-22 23:06:34.597720
SUP1321,Parker & Hernandez LLC,Paul Lopez,paullopez429@yahoo.com,Duplicate key constraint violation,2025-08-22 23:06:34.597720
SUP1322,Harris & Carter Inc,Kenneth Gonzalez,kennethgonzalez287@hotmail.com,Duplicate key constraint violation,2025-08-22 23:06:34.597720
SUP1323,Garcia LLC,James Smith,jamessmith895@hotmail.com,Duplicate key constraint violation,2025-08-22 23:06:34.597720
SUP1324,Adams Corp,Ronald Evans,ronaldevans94@business.net,Duplicate key constraint violation,2025-08-22 23:06:34.597720
SUP1325,Lewis-Evans,Linda Davis,lindadavis248@hotmail.com,Duplicate key constraint violation,2025-08-22 23:06:34.597720
SUP1326,"Davis, Harris and White",Matthew Rodriguez,matthewrodriguez307@company.com,Duplicate key constraint violation,2025-08-22 23:06:34.597720
SUP1327,Turner & Baker LLC,Donald Young,donaldyoung441@company.com,Duplicate key constraint violation,2025-08-22 23:06:34.597720
SUP1328,Phillips LLC,Helen Walker,helenwalker78@outlook.com,Duplicate key constraint violation,2025-08-22 23:06:34.597720
SUP1329,White-Baker,Michael Miller,michaelmiller111@hotmail.com,Duplicate key constraint violation,2025-08-22 23:06:34.597720
SUP1330,Gonzalez LLC,Christopher Garcia,christophergarcia341@company.com,Duplicate key constraint violation,2025-08-22 23:06:34.597720
SUP1331,Walker Inc,Joshua Adams,joshuaadams448@company.com,Duplicate key constraint violation,2025-08-22 23:06:34.597720
SUP1332,"Rodriguez, Edwards and Carter",Laura Nelson,lauranelson406@hotmail.com,Duplicate key constraint violation,2025-08-22 23:06:34.597720
SUP1333,Evans & Martinez Inc,Jessica White,jessicawhite450@outlook.com,Duplicate key constraint violation,2025-08-22 23:06:34.597720
SUP1334,Robinson Ltd,Linda Davis,lindadavis302@hotmail.com,Duplicate key constraint violation,2025-08-22 23:06:34.597720
SUP1335,"Roberts, Hill and Anderson",William Rodriguez,williamrodriguez603@business.net,Duplicate key constraint violation,2025-08-22 23:06:34.597720
SUP1336,Brown & Evans LLC,Nancy Martinez,nancymartinez775@yahoo.com,Duplicate key constraint violation,2025-08-22 23:06:34.597720
SUP1337,"Walker, Adams and Johnson",Anthony Lee,anthonylee653@gmail.com,Duplicate key constraint violation,2025-08-22 23:06:34.597720
SUP1338,"Young, Smith and Allen",Mark Hall,markhall293@hotmail.com,Duplicate key constraint violation,2025-08-22 23:06:34.597720
SUP1339,Campbell LLC,Linda Davis,lindadavis686@yahoo.com,Duplicate key constraint violation,2025-08-22 23:06:34.597720
SUP1340,Williams-Miller,Nancy Martinez,nancymartinez409@business.net,Duplicate key constraint violation,2025-08-22 23:06:34.597720
SUP1341,Evans & Lewis Ltd,Ronald Evans,ronaldevans653@company.com,Duplicate key constraint violation,2025-08-22 23:06:34.597720
SUP1342,"Harris, Walker and Allen",Ruth Hill,ruthhill577@company.com,Duplicate key constraint violation,2025-08-22 23:06:34.597720
SUP1343,Walker & Harris Co,Jessica White,jessicawhite250@hotmail.com,Duplicate key constraint violation,2025-08-22 23:06:34.597720
SUP1344,"White, Parker and Parker",Paul Lopez,paullopez685@company.com,Duplicate key constraint violation,2025-08-22 23:06:34.597720
SUP1345,"Campbell, Edwards and Baker",Christopher Garcia,christophergarcia731@company.com,Duplicate key constraint violation,2025-08-22 23:06:34.597720
SUP1346,Perez Inc,Joseph Jackson,josephjackson426@business.net,Duplicate key constraint violation,2025-08-22 23:06:34.597720
SUP1347,Johnson-Adams,Steven King,stevenking694@hotmail.com,Duplicate key constraint violation,2025-08-22 23:06:34.597720
SUP1348,"Rodriguez, Martinez and Wright",Christopher Garcia,christophergarcia408@outlook.com,Duplicate key constraint violation,2025-08-22 23:06:34.597720
SUP1349,Robinson & Harris Ltd,Betty Lewis,bettylewis576@yahoo.com,Duplicate key constraint violation,2025-08-22 23:06:34.597720
SUP1350,Perez-Clark,Richard Taylor,richardtaylor8@business.net,Duplicate key constraint violation,2025-08-22 23:06:34.597720
SUP1351,"White, Edwards and Martin",Michelle Baker,michellebaker269@business.net,Duplicate key constraint violation,2025-08-22 23:06:34.597720
SUP1352,"Gonzalez, Scott and Lopez",Deborah Phillips,deborahphillips524@company.com,Duplicate key constraint violation,2025-08-22 23:06:34.597720
SUP1353,Lopez-Clark,Nancy Martinez,nancymartinez780@company.com,Duplicate key constraint violation,2025-08-22 23:06:34.597720
SUP1354,Martin & Garcia Inc,Michael Miller,michaelmiller12@hotmail.com,Duplicate key constraint violation,2025-08-22 23:06:34.597720
SUP1355,Young Co,Edward Campbell,edwardcampbell639@business.net,Duplicate key constraint violation,2025-08-22 23:06:34.597720
SUP1356,Harris-White,Ruth Hill,ruthhill972@hotmail.com,Duplicate key constraint violation,2025-08-22 23:06:34.597720
SUP1357,Nelson & Evans Corp,Michelle Baker,michellebaker369@outlook.com,Duplicate key constraint violation,2025-08-22 23:06:34.597720
SUP1358,Adams-Roberts,Elizabeth Martinez,elizabethmartinez157@business.net,Duplicate key constraint violation,2025-08-22 23:06:34.597720
SUP1359,Phillips & Lewis Inc,Edward Campbell,edwardcampbell532@company.com,Duplicate key constraint violation,2025-08-22 23:06:34.597720
SUP1360,Mitchell-Brown,Ronald Evans,ronaldevans528@hotmail.com,Duplicate key constraint violation,2025-08-22 23:06:34.597720
SUP1361,Roberts-Perez,Nancy Martinez,nancymartinez50@company.com,Duplicate key constraint violation,2025-08-22 23:06:34.597720
SUP1362,Harris & Mitchell Co,Ronald Evans,ronaldevans625@outlook.com,Duplicate key constraint violation,2025-08-22 23:06:34.597720
SUP1363,Wright-Wilson,Lisa Clark,lisaclark834@outlook.com,Duplicate key constraint violation,2025-08-22 23:06:34.597720
SUP1364,White Co,Nancy Martinez,nancymartinez169@outlook.com,Duplicate key constraint violation,2025-08-22 23:06:34.597720
SUP1365,Parker Corp,Susan Thomas,susanthomas442@business.net,Duplicate key constraint violation,2025-08-22 23:06:34.597720
SUP1366,Allen LLC,Mary Johnson,maryjohnson389@gmail.com,Duplicate key constraint violation,2025-08-22 23:06:34.597720
SUP1367,"Adams, Evans and Martinez",Laura Nelson,lauranelson190@gmail.com,Duplicate key constraint violation,2025-08-22 23:06:34.597720
SUP1368,Baker & Mitchell Corp,Carol Wright,carolwright31@hotmail.com,Duplicate key constraint violation,2025-08-22 23:06:34.597720
SUP1369,Rodriguez Inc,Susan Thomas,susanthomas226@gmail.com,Duplicate key constraint violation,2025-08-22 23:06:34.597720
SUP1370,Hernandez & Garcia Inc,Lisa Clark,lisaclark572@outlook.com,Duplicate key constraint violation,2025-08-22 23:06:34.597720
SUP1371,Roberts & Garcia Corp,Carol Wright,carolwright582@gmail.com,Duplicate key constraint violation,2025-08-22 23:06:34.597720
SUP1372,"Green, Martinez and Lee",Elizabeth Martinez,elizabethmartinez983@outlook.com,Duplicate key constraint violation,2025-08-22 23:06:34.597720
SUP1373,"Jackson, Edwards and Parker",Brian Perez,brianperez462@yahoo.com,Duplicate key constraint violation,2025-08-22 23:06:34.597720
SUP1374,"Martin, Smith and Turner",Andrew Scott,andrewscott833@business.net,Duplicate key constraint violation,2025-08-22 23:06:34.597720
SUP1375,Jackson-Miller,Laura Nelson,lauranelson289@yahoo.com,Duplicate key constraint violation,2025-08-22 23:06:34.597720
SUP1376,"Hill, Robinson and Wright",Michelle Baker,michellebaker23@hotmail.com,Duplicate key constraint violation,2025-08-22 23:06:34.597720
SUP1377,Brown-Rodriguez,Donna Hernandez,donnahernandez931@yahoo.com,Duplicate key constraint violation,2025-08-22 23:06:34.597720
SUP1378,"Turner, Clark and Baker",Lisa Edwards,lisaedwards382@company.com,Duplicate key constraint violation,2025-08-22 23:06:34.597720
SUP1379,"Hernandez, Brown and Garcia",Mary Johnson,maryjohnson247@hotmail.com,Duplicate key constraint violation,2025-08-22 23:06:34.597720
SUP1380,Hill LLC,Mary Johnson,maryjohnson160@gmail.com,Duplicate key constraint violation,2025-08-22 23:06:34.597720
SUP1381,Adams & Taylor Co,Betty Lewis,bettylewis506@outlook.com,Duplicate key constraint violation,2025-08-22 23:06:34.597720
SUP1382,Green Corp,Thomas Harris,thomasharris458@company.com,Duplicate key constraint violation,2025-08-22 23:06:34.597720
SUP1383,Walker-Williams,Laura Nelson,lauranelson769@hotmail.com,Duplicate key constraint violation,2025-08-22 23:06:34.597720
SUP1384,Scott Co,Daniel Robinson,danielrobinson481@outlook.com,Duplicate key constraint violation,2025-08-22 23:06:34.597720
SUP1385,Perez Ltd,Michael Miller,michaelmiller134@gmail.com,Duplicate key constraint violation,2025-08-22 23:06:34.597720
SUP1386,Martin-Miller,Michael Miller,michaelmiller767@company.com,Duplicate key constraint violation,2025-08-22 23:06:34.597720
SUP1387,Turner & White Corp,Linda Davis,lindadavis220@hotmail.com,Duplicate key constraint violation,2025-08-22 23:06:34.597720
SUP1388,Garcia & Mitchell Co,Michael Miller,michaelmiller172@outlook.com,Duplicate key constraint violation,2025-08-22 23:06:34.597720
SUP1389,Davis LLC,David Wilson,davidwilson315@company.com,Duplicate key constraint violation,2025-08-22 23:06:34.597720
SUP1390,Garcia-Williams,Ruth Hill,ruthhill962@business.net,Duplicate key constraint violation,2025-08-22 23:06:34.597720
SUP1391,Lewis LLC,Patricia Brown,patriciabrown7@company.com,Duplicate key constraint violation,2025-08-22 23:06:34.597720
SUP1392,Martinez & Harris Inc,Lisa Edwards,lisaedwards101@business.net,Duplicate key constraint violation,2025-08-22 23:06:34.597720
SUP1393,Gonzalez & Clark Inc,Dorothy Parker,dorothyparker104@hotmail.com,Duplicate key constraint violation,2025-08-22 23:06:34.597720
SUP1394,Scott & Hill Corp,Helen Walker,helenwalker12@yahoo.com,Duplicate key constraint violation,2025-08-22 23:06:34.597720
SUP1395,Gonzalez-Gonzalez,Mark Hall,markhall835@yahoo.com,Duplicate key constraint violation,2025-08-22 23:06:34.597720
SUP1396,Lopez Corp,Kenneth Gonzalez,kennethgonzalez933@hotmail.com,Duplicate key constraint violation,2025-08-22 23:06:34.597720
SUP1397,Davis & Gonzalez Ltd,Robert Williams,robertwilliams22@hotmail.com,Duplicate key constraint violation,2025-08-22 23:06:34.597720
SUP1398,Lee-Wright,Brian Perez,brianperez717@outlook.com,Duplicate key constraint violation,2025-08-22 23:06:34.597720
SUP1399,Carter LLC,Laura Nelson,lauranelson850@hotmail.com,Duplicate key constraint violation,2025-08-22 23:06:34.597720
SUP1400,Martinez Co,Joseph Jackson,josephjackson981@business.net,Duplicate key constraint violation,2025-08-22 23:06:34.597720
SUP1401,Martinez & Taylor Ltd,Edward Campbell,edwardcampbell540@hotmail.com,Duplicate key constraint violation,2025-08-22 23:06:34.597720
SUP1402,Perez & Turner Co,Linda Davis,lindadavis429@hotmail.com,Duplicate key constraint violation,2025-08-22 23:06:34.597720
SUP1403,"Lee, Clark and Adams",Nancy Martinez,nancymartinez898@outlook.com,Duplicate key constraint violation,2025-08-22 23:06:34.597720
SUP1404,"Martinez, Smith and Baker",Richard Taylor,richardtaylor657@yahoo.com,Duplicate key constraint violation,2025-08-22 23:06:34.597720
SUP1405,"Young, Wilson and Carter",Mary Johnson,maryjohnson805@business.net,Duplicate key constraint violation,2025-08-22 23:06:34.597720
SUP1406,Martinez-Hernandez,Donna Hernandez,donnahernandez235@yahoo.com,Duplicate key constraint violation,2025-08-22 23:06:34.597720
SUP1407,Martin Ltd,Paul Lopez,paullopez564@gmail.com,Duplicate key constraint violation,2025-08-22 23:06:34.597720
SUP1408,Hernandez-Brown,William Rodriguez,williamrodriguez236@company.com,Duplicate key constraint violation,2025-08-22 23:06:34.597720
SUP1409,"Clark, Clark and Wright",Jessica White,jessicawhite441@hotmail.com,Duplicate key constraint violation,2025-08-22 23:06:34.597720
SUP1410,Edwards & Martinez Corp,Donna Hernandez,donnahernandez31@company.com,Duplicate key constraint violation,2025-08-22 23:06:34.597720
SUP1411,Martinez-Harris,Paul Lopez,paullopez714@outlook.com,Duplicate key constraint violation,2025-08-22 23:06:34.597720
SUP1412,Rodriguez Inc,Sarah Martin,sarahmartin948@hotmail.com,Duplicate key constraint violation,2025-08-22 23:06:34.597720
SUP1413,"Harris, Wright and Wright",Anthony Lee,anthonylee491@company.com,Duplicate key constraint violation,2025-08-22 23:06:34.597720
SUP1414,Johnson Inc,Edward Campbell,edwardcampbell754@hotmail.com,Duplicate key constraint violation,2025-08-22 23:06:34.597720
SUP1415,Thomas-Carter,Mary Johnson,maryjohnson672@gmail.com,Duplicate key constraint violation,2025-08-22 23:06:34.597720
SUP1416,King & Miller Inc,Michelle Baker,michellebaker655@yahoo.com,Duplicate key constraint violation,2025-08-22 23:06:34.597720
SUP1417,Martinez & Perez Corp,Ronald Evans,ronaldevans670@company.com,Duplicate key constraint violation,2025-08-22 23:06:34.597720
SUP1418,"Smith, Hall and Evans",Daniel Robinson,danielrobinson590@business.net,Duplicate key constraint violation,2025-08-22 23:06:34.597720
SUP1419,Lee & Williams Ltd,Joshua Adams,joshuaadams258@gmail.com,Duplicate key constraint violation,2025-08-22 23:06:34.597720
SUP1420,Gonzalez-Allen,Thomas Harris,thomasharris251@company.com,Duplicate key constraint violation,2025-08-22 23:06:34.597720
SUP1421,Martinez & Smith Inc,James Smith,jamessmith662@gmail.com,Duplicate key constraint violation,2025-08-22 23:06:34.597720
SUP1422,Allen-Johnson,Jessica White,jessicawhite783@outlook.com,Duplicate key constraint violation,2025-08-22 23:06:34.597720
SUP1423,"Evans, Lewis and Walker",Joseph Jackson,josephjackson668@business.net,Duplicate key constraint violation,2025-08-22 23:06:34.597720
SUP1424,"Thomas, Davis and Martinez",Carol Wright,carolwright577@yahoo.com,Duplicate key constraint violation,2025-08-22 23:06:34.597720
SUP1425,Carter LLC,David Wilson,davidwilson591@hotmail.com,Duplicate key constraint violation,2025-08-22 23:06:34.597720
SUP1426,Martin Co,Paul Lopez,paullopez273@business.net,Duplicate key constraint violation,2025-08-22 23:06:34.597720
SUP1427,Lopez & Edwards Co,Donna Hernandez,donnahernandez866@company.com,Duplicate key constraint violation,2025-08-22 23:06:34.597720
SUP1428,Lee & Baker Ltd,William Rodriguez,williamrodriguez860@gmail.com,Duplicate key constraint violation,2025-08-22 23:06:34.597720
SUP1429,Brown & Garcia LLC,Ruth Hill,ruthhill268@company.com,Duplicate key constraint violation,2025-08-22 23:06:34.597720
SUP1430,"Mitchell, Campbell and Davis",Lisa Clark,lisaclark928@yahoo.com,Duplicate key constraint violation,2025-08-22 23:06:34.597720
SUP1431,Rodriguez Corp,Mark Hall,markhall698@gmail.com,Duplicate key constraint violation,2025-08-22 23:06:34.597720
SUP1432,Adams & Garcia Corp,Barbara Anderson,barbaraanderson24@business.net,Duplicate key constraint violation,2025-08-22 23:06:34.597720
SUP1433,King-Hall,Edward Campbell,edwardcampbell348@business.net,Duplicate key constraint violation,2025-08-22 23:06:34.597720
SUP1434,Baker Inc,Kevin Carter,kevincarter459@yahoo.com,Duplicate key constraint violation,2025-08-22 23:06:34.597720
SUP1435,"Johnson, Williams and King",Richard Taylor,richardtaylor994@company.com,Duplicate key constraint violation,2025-08-22 23:06:34.597720
SUP1436,Clark & Walker Co,Sharon Green,sharongreen781@yahoo.com,Duplicate key constraint violation,2025-08-22 23:06:34.597720
SUP1437,Baker & Mitchell LLC,Donald Young,donaldyoung578@hotmail.com,Duplicate key constraint violation,2025-08-22 23:06:34.597720
SUP1438,"Smith, Lopez and Nelson",Robert Williams,robertwilliams922@hotmail.com,Duplicate key constraint violation,2025-08-22 23:06:34.597720
SUP1439,Gonzalez Co,Ruth Hill,ruthhill577@outlook.com,Duplicate key constraint violation,2025-08-22 23:06:34.597720
SUP1440,White Ltd,Joseph Jackson,josephjackson38@outlook.com,Duplicate key constraint violation,2025-08-22 23:06:34.597720
SUP1441,Gonzalez & Garcia Corp,Joshua Adams,joshuaadams802@business.net,Duplicate key constraint violation,2025-08-22 23:06:34.597720
SUP1442,Smith & Green LLC,Sarah Martin,sarahmartin693@hotmail.com,Duplicate key constraint violation,2025-08-22 23:06:34.597720
SUP1443,Young & Lopez Co,John Jones,johnjones400@outlook.com,Duplicate key constraint violation,2025-08-22 23:06:34.597720
SUP1444,Mitchell-Perez,Emily Mitchell,emilymitchell885@yahoo.com,Duplicate key constraint violation,2025-08-22 23:06:34.597720
SUP1445,Walker-Clark,Joshua Adams,joshuaadams806@hotmail.com,Duplicate key constraint violation,2025-08-22 23:06:34.597720
SUP1446,Campbell Co,Mark Hall,markhall159@business.net,Duplicate key constraint violation,2025-08-22 23:06:34.597720
SUP1447,Baker-Thomas,Jennifer Garcia,jennifergarcia397@yahoo.com,Duplicate key constraint violation,2025-08-22 23:06:34.597720
SUP1448,Lee Co,Nancy Martinez,nancymartinez412@yahoo.com,Duplicate key constraint violation,2025-08-22 23:06:34.597720
SUP1449,Wilson Inc,Mary Johnson,maryjohnson5@business.net,Duplicate key constraint violation,2025-08-22 23:06:34.597720
SUP1450,Lee & Mitchell Inc,Thomas Harris,thomasharris914@hotmail.com,Duplicate key constraint violation,2025-08-22 23:06:34.597720
SUP1451,"Smith, Robinson and Garcia",Sarah Martin,sarahmartin638@gmail.com,Duplicate key constraint violation,2025-08-22 23:06:34.597720
SUP1452,Evans-Lee,Sarah Martin,sarahmartin255@hotmail.com,Duplicate key constraint violation,2025-08-22 23:06:34.597720
SUP1453,Wilson & Mitchell Corp,Nancy Martinez,nancymartinez34@outlook.com,Duplicate key constraint violation,2025-08-22 23:06:34.597720
SUP1454,"Edwards, Edwards and Rodriguez",Richard Taylor,richardtaylor871@yahoo.com,Duplicate key constraint violation,2025-08-22 23:06:34.597720
SUP1455,Roberts & Williams Corp,Ronald Evans,ronaldevans914@business.net,Duplicate key constraint violation,2025-08-22 23:06:34.597720
SUP1456,Carter-Perez,Sandra Allen,sandraallen51@yahoo.com,Duplicate key constraint violation,2025-08-22 23:06:34.597720
SUP1457,"Campbell, Martin and Jackson",Paul Lopez,paullopez302@yahoo.com,Duplicate key constraint violation,2025-08-22 23:06:34.597720
SUP1458,"Harris, Phillips and Garcia",Thomas Harris,thomasharris577@yahoo.com,Duplicate key constraint violation,2025-08-22 23:06:34.597720
SUP1459,White Inc,Kimberly Roberts,kimberlyroberts548@yahoo.com,Duplicate key constraint violation,2025-08-22 23:06:34.597720
SUP1460,Mitchell LLC,Donna Hernandez,donnahernandez597@hotmail.com,Duplicate key constraint violation,2025-08-22 23:06:34.597720
SUP1461,Brown Co,Elizabeth Martinez,elizabethmartinez738@gmail.com,Duplicate key constraint violation,2025-08-22 23:06:34.597720
SUP1462,Harris-Edwards,Ronald Evans,ronaldevans104@company.com,Duplicate key constraint violation,2025-08-22 23:06:34.597720
SUP1463,"Johnson, Martin and Brown",Robert Williams,robertwilliams18@yahoo.com,Duplicate key constraint violation,2025-08-22 23:06:34.597720
SUP1464,"Walker, Hill and Robinson",Lisa Clark,lisaclark863@hotmail.com,Duplicate key constraint violation,2025-08-22 23:06:34.597720
SUP1465,Jackson & Scott Ltd,Kevin Carter,kevincarter633@business.net,Duplicate key constraint violation,2025-08-22 23:06:34.597720
SUP1466,Lee-Rodriguez,Emily Mitchell,emilymitchell627@hotmail.com,Duplicate key constraint violation,2025-08-22 23:06:34.597720
SUP1467,Anderson Corp,Laura Nelson,lauranelson832@business.net,Duplicate key constraint violation,2025-08-22 23:06:34.597720
SUP1468,Martinez-Carter,Sharon Green,sharongreen670@gmail.com,Duplicate key constraint violation,2025-08-22 23:06:34.597720
SUP1469,Miller LLC,Brian Perez,brianperez54@company.com,Duplicate key constraint violation,2025-08-22 23:06:34.597720
SUP1470,"Rodriguez, Mitchell and Nelson",Robert Williams,robertwilliams14@hotmail.com,Duplicate key constraint violation,2025-08-22 23:06:34.597720
SUP1471,Lewis LLC,Matthew Rodriguez,matthewrodriguez911@hotmail.com,Duplicate key constraint violation,2025-08-22 23:06:34.597720
SUP1472,Hall Inc,Patricia Brown,patriciabrown899@gmail.com,Duplicate key constraint violation,2025-08-22 23:06:34.597720
SUP1473,Taylor Corp,Sarah Martin,sarahmartin383@business.net,Duplicate key constraint violation,2025-08-22 23:06:34.597720
SUP1474,"Robinson, Roberts and Martinez",Kenneth Gonzalez,kennethgonzalez301@business.net,Duplicate key constraint violation,2025-08-22 23:06:34.597720
SUP1475,Taylor-Adams,Linda Davis,lindadavis37@yahoo.com,Duplicate key constraint violation,2025-08-22 23:06:34.597720
SUP1476,Wilson LLC,Anthony Lee,anthonylee294@yahoo.com,Duplicate key constraint violation,2025-08-22 23:06:34.597720
SUP1477,"Hall, Adams and King",Richard Taylor,richardtaylor16@gmail.com,Duplicate key constraint violation,2025-08-22 23:06:34.597720
SUP1478,Campbell & Mitchell Co,Paul Lopez,paullopez588@company.com,Duplicate key constraint violation,2025-08-22 23:06:34.597720
SUP1479,"Gonzalez, Scott and Thomas",Christopher Garcia,christophergarcia899@gmail.com,Duplicate key constraint violation,2025-08-22 23:06:34.597720
SUP1480,Allen-Martin,Lisa Clark,lisaclark390@hotmail.com,Duplicate key constraint violation,2025-08-22 23:06:34.597720
SUP1481,Clark & Rodriguez Co,Sarah Martin,sarahmartin307@business.net,Duplicate key constraint violation,2025-08-22 23:06:34.597720
SUP1482,Wilson Co,Lisa Clark,lisaclark234@gmail.com,Duplicate key constraint violation,2025-08-22 23:06:34.597720
SUP1483,Allen & Phillips Corp,Edward Campbell,edwardcampbell885@company.com,Duplicate key constraint violation,2025-08-22 23:06:34.597720
SUP1484,Evans & Martinez Co,Richard Taylor,richardtaylor837@yahoo.com,Duplicate key constraint violation,2025-08-22 23:06:34.597720
SUP1485,Allen & Allen Corp,Laura Nelson,lauranelson364@company.com,Duplicate key constraint violation,2025-08-22 23:06:34.597720
SUP1486,Thomas-Campbell,Jennifer Garcia,jennifergarcia646@gmail.com,Duplicate key constraint violation,2025-08-22 23:06:34.597720
SUP1487,Mitchell Corp,Kimberly Roberts,kimberlyroberts588@company.com,Duplicate key constraint violation,2025-08-22 23:06:34.597720
SUP1488,"Thomas, Martinez and Allen",Anthony Lee,anthonylee335@gmail.com,Duplicate key constraint violation,2025-08-22 23:06:34.597720
SUP1489,Jackson Inc,Ruth Hill,ruthhill989@company.com,Duplicate key constraint violation,2025-08-22 23:06:34.597720
SUP1490,Lee-Edwards,Kenneth Gonzalez,kennethgonzalez300@yahoo.com,Duplicate key constraint violation,2025-08-22 23:06:34.597720
SUP1491,Anderson & Hill Inc,Matthew Rodriguez,matthewrodriguez832@yahoo.com,Duplicate key constraint violation,2025-08-22 23:06:34.597720
SUP1492,Young-Garcia,Sandra Allen,sandraallen207@gmail.com,Duplicate key constraint violation,2025-08-22 23:06:34.597720
SUP1493,Wilson-Rodriguez,Anthony Lee,anthonylee665@company.com,Duplicate key constraint violation,2025-08-22 23:06:34.597720
SUP1494,Harris LLC,Susan Thomas,susanthomas372@company.com,Duplicate key constraint violation,2025-08-22 23:06:34.597720
SUP1495,"Garcia, Parker and Gonzalez",Jennifer Garcia,jennifergarcia841@company.com,Duplicate key constraint violation,2025-08-22 23:06:34.597720
SUP1496,"Brown, Garcia and Adams",Michael Miller,michaelmiller815@outlook.com,Duplicate key constraint violation,2025-08-22 23:06:34.597720
SUP1497,Evans & Robinson Corp,Sandra Allen,sandraallen348@business.net,Duplicate key constraint violation,2025-08-22 23:06:34.597720
SUP1498,"Hall, Harris and White",Paul Lopez,paullopez148@gmail.com,Duplicate key constraint violation,2025-08-22 23:06:34.597720
SUP1499,Green Corp,Robert Williams,robertwilliams785@business.net,Duplicate key constraint violation,2025-08-22 23:06:34.597720
SUP1500,King Ltd,Carol Wright,carolwright337@gmail.com,Duplicate key constraint violation,2025-08-22 23:06:34.597720
SUP1501,Davis-Smith,Jennifer Garcia,jennifergarcia645@company.com,Duplicate key constraint violation,2025-08-22 23:06:34.597720
SUP1502,Smith LLC,Michael Miller,michaelmiller387@company.com,Duplicate key constraint violation,2025-08-22 23:06:34.597720
SUP1503,Mitchell & King Co,Emily Mitchell,emilymitchell859@gmail.com,Duplicate key constraint violation,2025-08-22 23:06:34.597720
SUP1504,Hernandez-Carter,Anthony Lee,anthonylee265@gmail.com,Duplicate key constraint violation,2025-08-22 23:06:34.597720
SUP1505,"Martin, Robinson and Smith",Barbara Anderson,barbaraanderson802@business.net,Duplicate key constraint violation,2025-08-22 23:06:34.597720
SUP1506,"Robinson, Garcia and Hill",Betty Lewis,bettylewis16@hotmail.com,Duplicate key constraint violation,2025-08-22 23:06:34.597720
SUP1507,Evans Inc,Christopher Garcia,christophergarcia305@business.net,Duplicate key constraint violation,2025-08-22 23:06:34.597720
SUP1508,Garcia & Perez Inc,Sandra Allen,sandraallen96@yahoo.com,Duplicate key constraint violation,2025-08-22 23:06:34.597720
SUP1509,Hill Inc,Sandra Allen,sandraallen79@company.com,Duplicate key constraint violation,2025-08-22 23:06:34.597720
SUP1510,Martinez Inc,Barbara Anderson,barbaraanderson953@hotmail.com,Duplicate key constraint violation,2025-08-22 23:06:34.597720
SUP1511,Baker-Clark,Daniel Robinson,danielrobinson811@outlook.com,Duplicate key constraint violation,2025-08-22 23:06:34.597720
SUP1512,Taylor-Hill,George Turner,georgeturner793@outlook.com,Duplicate key constraint violation,2025-08-22 23:06:34.597720
SUP1513,Garcia-Smith,Kevin Carter,kevincarter315@company.com,Duplicate key constraint violation,2025-08-22 23:06:34.597720
SUP1514,Green & Taylor Inc,Patricia Brown,patriciabrown924@business.net,Duplicate key constraint violation,2025-08-22 23:06:34.597720
SUP1515,Clark & Harris Ltd,Mark Hall,markhall143@gmail.com,Duplicate key constraint violation,2025-08-22 23:06:34.597720
SUP1516,Harris & Parker Inc,Barbara Anderson,barbaraanderson699@hotmail.com,Duplicate key constraint violation,2025-08-22 23:06:34.597720
SUP1517,Harris & Lee Inc,Sharon Green,sharongreen93@outlook.com,Duplicate key constraint violation,2025-08-22 23:06:34.597720
SUP1518,"Martinez, Johnson and Garcia",Brian Perez,brianperez130@gmail.com,Duplicate key constraint violation,2025-08-22 23:06:34.597720
SUP1519,"Hill, Wilson and Evans",John Jones,johnjones648@company.com,Duplicate key constraint violation,2025-08-22 23:06:34.597720
SUP1520,Wright-Clark,Donna Hernandez,donnahernandez234@gmail.com,Duplicate key constraint violation,2025-08-22 23:06:34.597720
SUP1521,Hill Inc,Joseph Jackson,josephjackson712@gmail.com,Duplicate key constraint violation,2025-08-22 23:06:34.597720
SUP1522,Jackson-Baker,Carol Wright,carolwright472@business.net,Duplicate key constraint violation,2025-08-22 23:06:34.597720
SUP1523,Jones & Garcia Ltd,Richard Taylor,richardtaylor531@company.com,Duplicate key constraint violation,2025-08-22 23:06:34.597720
SUP1524,"Roberts, Clark and Anderson",John Jones,johnjones711@yahoo.com,Duplicate key constraint violation,2025-08-22 23:06:34.597720
SUP1525,Robinson Corp,Michael Miller,michaelmiller580@business.net,Duplicate key constraint violation,2025-08-22 23:06:34.597720
SUP1526,"Carter, Wilson and Roberts",Lisa Clark,lisaclark504@hotmail.com,Duplicate key constraint violation,2025-08-22 23:06:34.597720
SUP1527,"Hernandez, Mitchell and Scott",Sandra Allen,sandraallen228@outlook.com,Duplicate key constraint violation,2025-08-22 23:06:34.597720
SUP1528,Baker-Martinez,Michelle Baker,michellebaker874@hotmail.com,Duplicate key constraint violation,2025-08-22 23:06:34.597720
SUP1529,Smith-Johnson,Daniel Robinson,danielrobinson598@hotmail.com,Duplicate key constraint violation,2025-08-22 23:06:34.597720
SUP1530,"King, Allen and Turner",Jessica White,jessicawhite497@outlook.com,Duplicate key constraint violation,2025-08-22 23:06:34.597720
SUP1531,Davis-Martinez,Richard Taylor,richardtaylor185@outlook.com,Duplicate key constraint violation,2025-08-22 23:06:34.597720
SUP1532,"Young, Allen and Scott",Lisa Clark,lisaclark951@outlook.com,Duplicate key constraint violation,2025-08-22 23:06:34.597720
SUP1533,Roberts-Jackson,Steven King,stevenking697@hotmail.com,Duplicate key constraint violation,2025-08-22 23:06:34.597720
SUP1534,Davis-Allen,Joshua Adams,joshuaadams505@company.com,Duplicate key constraint violation,2025-08-22 23:06:34.597720
SUP1535,"Hill, Turner and Taylor",Daniel Robinson,danielrobinson576@gmail.com,Duplicate key constraint violation,2025-08-22 23:06:34.597720
SUP1536,Davis & Evans Corp,Anthony Lee,anthonylee712@gmail.com,Duplicate key constraint violation,2025-08-22 23:06:34.597720
SUP1537,Mitchell Corp,Sharon Green,sharongreen184@outlook.com,Duplicate key constraint violation,2025-08-22 23:06:34.597720
SUP1538,"Martin, Garcia and Hall",James Smith,jamessmith775@hotmail.com,Duplicate key constraint violation,2025-08-22 23:06:34.597720
SUP1539,"Williams, Campbell and Jackson",Brian Perez,brianperez307@business.net,Duplicate key constraint violation,2025-08-22 23:06:34.597720
SUP1540,Rodriguez Ltd,Paul Lopez,paullopez824@business.net,Duplicate key constraint violation,2025-08-22 23:06:34.597720
SUP1541,Evans & White Co,Sandra Allen,sandraallen97@gmail.com,Duplicate key constraint violation,2025-08-22 23:06:34.597720
SUP1542,Smith-Martinez,Laura Nelson,lauranelson822@yahoo.com,Duplicate key constraint violation,2025-08-22 23:06:34.597720
SUP1543,"Smith, Gonzalez and Mitchell",Helen Walker,helenwalker539@yahoo.com,Duplicate key constraint violation,2025-08-22 23:06:34.597720
SUP1544,Roberts-Garcia,Ronald Evans,ronaldevans293@yahoo.com,Duplicate key constraint violation,2025-08-22 23:06:34.597720
SUP1545,Taylor Inc,Helen Walker,helenwalker905@yahoo.com,Duplicate key constraint violation,2025-08-22 23:06:34.597720
SUP1546,Roberts-Gonzalez,Ruth Hill,ruthhill960@hotmail.com,Duplicate key constraint violation,2025-08-22 23:06:34.597720
SUP1547,Martin-Adams,Ruth Hill,ruthhill112@gmail.com,Duplicate key constraint violation,2025-08-22 23:06:34.597720
SUP1548,Mitchell & Rodriguez Ltd,Emily Mitchell,emilymitchell473@hotmail.com,Duplicate key constraint violation,2025-08-22 23:06:34.597720
SUP1549,"Anderson, Lee and Campbell",Betty Lewis,bettylewis568@business.net,Duplicate key constraint violation,2025-08-22 23:06:34.597720
SUP1550,"Smith, Smith and Hill",Sandra Allen,sandraallen603@yahoo.com,Duplicate key constraint violation,2025-08-22 23:06:34.597720
SUP1551,"Jones, Taylor and Perez",Emily Mitchell,emilymitchell244@outlook.com,Duplicate key constraint violation,2025-08-22 23:06:34.597720
SUP1552,"Martinez, Thomas and Rodriguez",Paul Lopez,paullopez162@outlook.com,Duplicate key constraint violation,2025-08-22 23:06:34.597720
SUP1553,Harris LLC,James Smith,jamessmith254@hotmail.com,Duplicate key constraint violation,2025-08-22 23:06:34.597720
SUP1554,"Mitchell, Smith and Parker",Lisa Clark,lisaclark661@outlook.com,Duplicate key constraint violation,2025-08-22 23:06:34.597720
SUP1555,Brown & Martin Ltd,George Turner,georgeturner36@yahoo.com,Duplicate key constraint violation,2025-08-22 23:06:34.597720
SUP1556,Hall Ltd,William Rodriguez,williamrodriguez614@company.com,Duplicate key constraint violation,2025-08-22 23:06:34.597720
SUP1557,"Hill, Adams and Perez",Sandra Allen,sandraallen780@outlook.com,Duplicate key constraint violation,2025-08-22 23:06:34.597720
SUP1558,Lopez-Young,Anthony Lee,anthonylee239@outlook.com,Duplicate key constraint violation,2025-08-22 23:06:34.597720
SUP1559,"Hill, Hall and Garcia",Ruth Hill,ruthhill868@yahoo.com,Duplicate key constraint violation,2025-08-22 23:06:34.597720
SUP1560,Hernandez & Robinson Co,Barbara Anderson,barbaraanderson358@outlook.com,Duplicate key constraint violation,2025-08-22 23:06:34.597720
SUP1561,Gonzalez Co,Ronald Evans,ronaldevans59@yahoo.com,Duplicate key constraint violation,2025-08-22 23:06:34.597720
SUP1562,Mitchell LLC,Christopher Garcia,christophergarcia560@gmail.com,Duplicate key constraint violation,2025-08-22 23:06:34.597720
SUP1563,Garcia Co,Joseph Jackson,josephjackson517@business.net,Duplicate key constraint violation,2025-08-22 23:06:34.597720
SUP1564,King-Hill,Lisa Edwards,lisaedwards671@hotmail.com,Duplicate key constraint violation,2025-08-22 23:06:34.597720
SUP1565,Lopez-Lewis,Jennifer Garcia,jennifergarcia258@business.net,Duplicate key constraint violation,2025-08-22 23:06:34.597720
SUP1566,Evans LLC,Susan Thomas,susanthomas931@yahoo.com,Duplicate key constraint violation,2025-08-22 23:06:34.597720
SUP1567,"Lewis, Martin and Lee",Ruth Hill,ruthhill875@outlook.com,Duplicate key constraint violation,2025-08-22 23:06:34.597720
SUP1568,Hernandez LLC,Steven King,stevenking347@yahoo.com,Duplicate key constraint violation,2025-08-22 23:06:34.597720
SUP1569,Adams LLC,Jessica White,jessicawhite504@company.com,Duplicate key constraint violation,2025-08-22 23:06:34.597720
SUP1570,"Green, Jackson and Nelson",Linda Davis,lindadavis189@hotmail.com,Duplicate key constraint violation,2025-08-22 23:06:34.597720
SUP1571,Thomas & King Corp,Anthony Lee,anthonylee392@business.net,Duplicate key constraint violation,2025-08-22 23:06:34.597720
SUP1572,Smith & Taylor Co,Michelle Baker,michellebaker958@yahoo.com,Duplicate key constraint violation,2025-08-22 23:06:34.597720
SUP1573,"Parker, Hall and Turner",David Wilson,davidwilson833@company.com,Duplicate key constraint violation,2025-08-22 23:06:34.597720
SUP1574,Anderson Corp,Emily Mitchell,emilymitchell92@outlook.com,Duplicate key constraint violation,2025-08-22 23:06:34.597720
SUP1575,Campbell LLC,Anthony Lee,anthonylee363@business.net,Duplicate key constraint violation,2025-08-22 23:06:34.597720
SUP1576,"Miller, Brown and Nelson",Kevin Carter,kevincarter562@outlook.com,Duplicate key constraint violation,2025-08-22 23:06:34.597720
SUP1577,Martinez & Edwards Ltd,George Turner,georgeturner18@business.net,Duplicate key constraint violation,2025-08-22 23:06:34.597720
SUP1578,"Brown, King and Hill",Barbara Anderson,barbaraanderson263@company.com,Duplicate key constraint violation,2025-08-22 23:06:34.597720
SUP1579,"Martinez, Lewis and Miller",David Wilson,davidwilson746@yahoo.com,Duplicate key constraint violation,2025-08-22 23:06:34.597720
SUP1580,"Baker, Davis and Wilson",Elizabeth Martinez,elizabethmartinez14@company.com,Duplicate key constraint violation,2025-08-22 23:06:34.597720
SUP1581,"Young, Evans and Taylor",James Smith,jamessmith117@outlook.com,Duplicate key constraint violation,2025-08-22 23:06:34.597720
SUP1582,Taylor-Williams,Richard Taylor,richardtaylor878@company.com,Duplicate key constraint violation,2025-08-22 23:06:34.597720
SUP1583,Hernandez & Nelson Ltd,Jessica White,jessicawhite5@yahoo.com,Duplicate key constraint violation,2025-08-22 23:06:34.597720
SUP1584,Nelson-Harris,Betty Lewis,bettylewis587@yahoo.com,Duplicate key constraint violation,2025-08-22 23:06:34.597720
SUP1585,Adams & Jackson Inc,Emily Mitchell,emilymitchell454@hotmail.com,Duplicate key constraint violation,2025-08-22 23:06:34.597720
SUP1586,Martinez-Lopez,Kenneth Gonzalez,kennethgonzalez946@gmail.com,Duplicate key constraint violation,2025-08-22 23:06:34.597720
SUP1587,Garcia Ltd,Kimberly Roberts,kimberlyroberts868@outlook.com,Duplicate key constraint violation,2025-08-22 23:06:34.597720
SUP1588,Parker LLC,George Turner,georgeturner389@business.net,Duplicate key constraint violation,2025-08-22 23:06:34.597720
SUP1589,Evans & Harris Co,James Smith,jamessmith566@business.net,Duplicate key constraint violation,2025-08-22 23:06:34.597720
SUP1590,Edwards LLC,Ronald Evans,ronaldevans768@company.com,Duplicate key constraint violation,2025-08-22 23:06:34.597720
SUP1591,Brown-Scott,Daniel Robinson,danielrobinson592@hotmail.com,Duplicate key constraint violation,2025-08-22 23:06:34.597720
SUP1592,Carter & Lee Co,Nancy Martinez,nancymartinez149@business.net,Duplicate key constraint violation,2025-08-22 23:06:34.597720
SUP1593,King-Martin,Andrew Scott,andrewscott869@yahoo.com,Duplicate key constraint violation,2025-08-22 23:06:34.597720
SUP1594,"Young, Carter and Perez",Andrew Scott,andrewscott485@hotmail.com,Duplicate key constraint violation,2025-08-22 23:06:34.597720
SUP1595,Robinson Corp,Patricia Brown,patriciabrown977@gmail.com,Duplicate key constraint violation,2025-08-22 23:06:34.597720
SUP1596,Jackson Co,Richard Taylor,richardtaylor640@company.com,Duplicate key constraint violation,2025-08-22 23:06:34.597720
SUP1597,Taylor-Smith,Thomas Harris,thomasharris746@company.com,Duplicate key constraint violation,2025-08-22 23:06:34.597720
SUP1598,"Carter, Garcia and Lopez",Michael Miller,michaelmiller323@yahoo.com,Duplicate key constraint violation,2025-08-22 23:06:34.597720
SUP1599,Adams-Parker,Andrew Scott,andrewscott177@business.net,Duplicate key constraint violation,2025-08-22 23:06:34.597720
SUP1600,"Gonzalez, Baker and Evans",Helen Walker,helenwalker295@company.com,Duplicate key constraint violation,2025-08-22 23:06:34.597720
SUP1601,Wilson-Lopez,Steven King,stevenking910@hotmail.com,Duplicate key constraint violation,2025-08-22 23:06:34.597720
SUP1602,Jackson & Wright Corp,Anthony Lee,anthonylee869@yahoo.com,Duplicate key constraint violation,2025-08-22 23:06:34.597720
SUP1603,Anderson-Davis,Anthony Lee,anthonylee162@outlook.com,Duplicate key constraint violation,2025-08-22 23:06:34.597720
SUP1604,Smith & Gonzalez Corp,Jennifer Garcia,jennifergarcia37@outlook.com,Duplicate key constraint violation,2025-08-22 23:06:34.597720
SUP1605,Williams & White Corp,Susan Thomas,susanthomas888@hotmail.com,Duplicate key constraint violation,2025-08-22 23:06:34.597720
SUP1606,"Hernandez, White and Martinez",Edward Campbell,edwardcampbell961@outlook.com,Duplicate key constraint violation,2025-08-22 23:06:34.597720
SUP1607,"Thomas, White and Garcia",Kenneth Gonzalez,kennethgonzalez933@gmail.com,Duplicate key constraint violation,2025-08-22 23:06:34.597720
SUP1608,Turner LLC,Carol Wright,carolwright971@gmail.com,Duplicate key constraint violation,2025-08-22 23:06:34.597720
SUP1609,Smith LLC,Jessica White,jessicawhite675@hotmail.com,Duplicate key constraint violation,2025-08-22 23:06:34.597720
SUP1610,Green-Young,Robert Williams,robertwilliams41@hotmail.com,Duplicate key constraint violation,2025-08-22 23:06:34.597720
SUP1611,Garcia-Green,Kevin Carter,kevincarter508@business.net,Duplicate key constraint violation,2025-08-22 23:06:34.597720
SUP1612,Green & Jackson Ltd,Kimberly Roberts,kimberlyroberts211@outlook.com,Duplicate key constraint violation,2025-08-22 23:06:34.597720
SUP1613,"Clark, Lee and Phillips",Mary Johnson,maryjohnson683@hotmail.com,Duplicate key constraint violation,2025-08-22 23:06:34.597720
SUP1614,Jones Co,Barbara Anderson,barbaraanderson558@gmail.com,Duplicate key constraint violation,2025-08-22 23:06:34.597720
SUP1615,Martin-Miller,Daniel Robinson,danielrobinson642@yahoo.com,Duplicate key constraint violation,2025-08-22 23:06:34.597720
SUP1616,Parker Co,Patricia Brown,patriciabrown900@business.net,Duplicate key constraint violation,2025-08-22 23:06:34.597720
SUP1617,Baker Ltd,Thomas Harris,thomasharris856@gmail.com,Duplicate key constraint violation,2025-08-22 23:06:34.597720
SUP1618,"Harris, Garcia and King",William Rodriguez,williamrodriguez47@outlook.com,Duplicate key constraint violation,2025-08-22 23:06:34.597720
SUP1619,Allen & Allen Co,Ronald Evans,ronaldevans768@business.net,Duplicate key constraint violation,2025-08-22 23:06:34.597720
SUP1620,Hill-Adams,David Wilson,davidwilson654@company.com,Duplicate key constraint violation,2025-08-22 23:06:34.597720
SUP1621,Taylor & Baker LLC,Michelle Baker,michellebaker491@company.com,Duplicate key constraint violation,2025-08-22 23:06:34.597720
SUP1622,Williams Corp,Matthew Rodriguez,matthewrodriguez108@yahoo.com,Duplicate key constraint violation,2025-08-22 23:06:34.597720
SUP1623,Harris-Nelson,Linda Davis,lindadavis444@business.net,Duplicate key constraint violation,2025-08-22 23:06:34.597720
SUP1624,Martin & Mitchell Corp,James Smith,jamessmith310@business.net,Duplicate key constraint violation,2025-08-22 23:06:34.597720
SUP1625,White & Williams Co,Betty Lewis,bettylewis372@company.com,Duplicate key constraint violation,2025-08-22 23:06:34.597720
SUP1626,Hill Corp,Paul Lopez,paullopez166@company.com,Duplicate key constraint violation,2025-08-22 23:06:34.597720
SUP1627,Green & Walker Inc,Paul Lopez,paullopez447@yahoo.com,Duplicate key constraint violation,2025-08-22 23:06:34.597720
SUP1628,"Campbell, Smith and Johnson",David Wilson,davidwilson460@company.com,Duplicate key constraint violation,2025-08-22 23:06:34.597720
SUP1629,Harris-Anderson,Anthony Lee,anthonylee486@yahoo.com,Duplicate key constraint violation,2025-08-22 23:06:34.597720
